name,Zip code,numRev,Score,Cleanliness,Comfort,Facilities,Staff,Value for money,Free WiFi,Location,Free Parking,On-site Parking,Fitness Center,Family Rooms,Parking,Airport Shuttle,Air Conditioning,Free WiFi.1,Laundry,Pet Friendly,Outdoor Pool,Facilities for Disabled Guests,Bar,Non-smoking Rooms,Terrace,Swimming Pool,24-Hour Front Desk,Dist
Sheraton Gateway Los Angeles,90045.0,5663.0,8.1,8.5,8.4,8.0,7.8,7.4,7.2,8.2,0,0,0,1,1,0,0,1,0,0,0,0,1,1,0,1,0,11.2
The Jeremy Hotel West Hollywood,90069.0,563.0,8.9,9.3,9.0,8.7,8.9,8.2,9.5,9.1,0,0,0,1,1,0,0,1,0,1,0,0,1,1,0,1,0,8.1
Hampton Inn & Suites Santa Monica,90401.0,867.0,8.3,8.8,8.6,8.2,8.2,7.2,8.4,8.9,0,1,0,1,1,0,0,1,0,0,0,0,0,0,0,1,0,14.3
"Beverly Wilshire, A Four Seasons Hotel",90212.0,427.0,8.9,9.1,9.0,8.7,9.2,7.6,8.4,9.6,0,0,0,0,1,0,0,1,0,1,1,0,1,1,0,1,0,8.7
The London West Hollywood at Beverly Hills,90069.0,865.0,8.8,9.2,9.1,8.9,8.9,7.9,8.9,8.9,0,0,0,1,1,0,0,1,0,1,0,0,1,1,0,1,0,8.1
Mr C Beverly Hills,90035.0,464.0,8.4,8.8,8.7,8.3,8.7,7.4,7.8,8.6,0,0,0,1,1,1,0,1,0,0,1,0,1,0,0,1,0,8.7
LEVEL Furnished Living Suites Downtown Los Angeles,90015.0,390.0,9.0,9.3,9.3,9.3,9.1,8.1,9.5,9.0,0,0,0,1,1,0,0,1,0,0,1,0,0,1,0,1,0,1.0
Radisson Hotel Los Angeles Midtown at USC,90007.0,1301.0,8.2,8.6,8.4,8.1,8.4,7.4,8.4,8.3,0,0,0,1,1,0,0,1,0,0,1,0,1,1,0,1,0,3.1
DoubleTree Suites by Hilton Santa Monica,90028.0,1255.0,8.0,8.4,8.2,7.8,8.5,6.7,5.5,8.4,0,0,0,1,1,0,0,0,0,0,0,0,1,1,0,1,0,14.3
Viceroy L'Ermitage Beverly Hills,90210.0,445.0,9.2,9.6,9.5,9.2,9.3,8.5,9.5,9.3,0,0,0,0,1,0,0,1,0,1,1,0,1,1,0,1,0,8.7
Plaza la Reina,90024.0,208.0,9.1,9.3,9.2,9.1,9.1,8.6,9.9,9.3,0,1,0,1,1,0,0,1,0,1,0,0,0,1,0,0,0,11.2
Marina del Rey Suites,90292.0,355.0,9.0,9.2,9.2,9.1,8.9,8.5,9.5,9.0,1,0,0,1,0,0,0,1,0,0,1,0,0,1,0,1,0,11.8
Waldorf Astoria Beverly Hills,90210.0,71.0,9.3,9.7,9.6,9.5,9.4,8.3,8.5,9.3,0,0,0,0,1,0,0,1,0,1,1,0,1,1,0,1,0,9.3
Hotel Figueroa Downtown Los Angeles,90015.0,155.0,8.9,9.2,9.0,8.7,9.2,8.1,9.0,9.1,0,0,1,0,1,0,0,1,0,1,0,0,1,1,0,1,0,1.3
Beverly Laurel Motor Hotel,90048.0,1613.0,8.5,8.9,8.4,8.2,8.8,8.0,8.9,8.8,0,1,0,1,1,0,0,1,0,0,0,0,0,1,0,1,0,6.8
Popular Hollywood Rockstar Penthouse,90028.0,7.0,8.0,7.5,8.6,7.5,6.4,8.2,9.7,2.0,1,0,0,1,0,0,0,1,0,0,1,0,0,1,0,1,0,6.2
Best Western Plus Sunset Plaza Hotel,90069.0,1045.0,8.4,8.7,8.5,8.2,8.3,7.6,8.4,8.7,0,0,0,1,1,0,0,1,0,0,1,0,0,1,0,1,0,7.5
Kimpton Everly Hotel,90028.0,363.0,9.0,9.4,9.4,9.0,9.2,8.1,8.7,8.8,0,0,0,0,1,0,0,1,0,1,1,0,1,1,0,1,0,5.6
InterContinental Los Angeles Century City at Beverly Hills,90067.0,512.0,8.6,9.0,8.9,8.6,9.0,7.7,7.5,8.6,0,0,0,1,1,0,0,0,0,0,1,0,1,1,0,1,0,9.3
Venice on the Beach Hotel,90291.0,1665.0,8.5,8.7,8.1,7.9,9.1,7.6,8.6,9.5,0,1,0,1,1,0,0,1,0,0,0,1,0,1,0,0,0,13.7
BLVD Hotel & Spa,91604.0,956.0,8.2,8.7,8.4,7.9,8.5,7.5,7.8,8.5,0,0,1,1,1,0,0,1,0,0,0,0,1,1,0,1,0,8.7
Casa Del Mar,90405.0,549.0,8.8,9.2,9.1,8.8,9.0,7.4,9.0,9.4,0,0,0,1,1,0,0,1,0,1,0,0,1,1,0,1,0,14.3
Hyatt Regency Los Angeles International Airport,90045.0,2762.0,8.6,8.9,8.9,8.6,8.7,7.9,8.1,8.9,0,0,0,0,1,0,0,1,0,0,1,0,1,1,0,1,0,11.2
The NoMad Los Angeles,90014.0,125.0,8.9,9.4,9.1,9.1,8.8,8.2,8.9,8.6,0,0,0,0,1,0,0,1,0,1,1,0,1,1,0,1,0,0.8
Andaz West Hollywood-a concept by Hyatt,90069.0,649.0,8.8,9.1,9.0,8.8,9.2,7.9,8.7,9.1,0,0,0,1,1,0,0,1,0,1,0,0,1,1,0,1,0,7.5
Hollywood Luxury Suite * 5 beds + Parking,90028.0,18.0,8.8,8.9,9.2,8.5,8.9,8.5,10.0,9.0,1,0,1,0,0,0,0,1,0,0,1,0,0,1,0,1,0,6.2
Montage Beverly Hills,90210.0,160.0,8.9,9.3,9.1,8.9,9.0,7.6,8.6,9.6,0,0,0,1,1,1,0,1,0,0,0,0,1,1,0,1,0,8.7
"Luxury, Hollywood Walk of Fame",90028.0,57.0,8.6,8.8,8.4,8.4,8.7,8.1,10.0,9.1,1,0,1,0,0,0,0,1,0,0,1,0,0,1,0,1,0,6.2
Luxury Apartment Near The Grove,90036.0,88.0,8.8,8.5,8.8,8.7,9.4,8.5,9.1,9.1,1,0,0,1,0,0,0,1,0,0,1,0,0,1,0,1,0,5.6
Hilton Los Angeles-Universal City,91608.0,2311.0,8.4,8.7,8.6,8.3,8.5,7.1,6.8,9.1,0,0,0,1,1,1,0,1,0,0,1,0,1,0,0,1,0,8.7
DTLA Convention Center Suite,90015.0,31.0,8.9,9.0,9.4,9.0,9.0,8.2,10.0,8.6,1,0,1,0,0,0,0,1,0,0,1,0,0,1,0,1,0,1.7
Lexen Hotel - Hollywood,90068.0,392.0,8.6,9.2,8.6,8.3,8.8,7.9,8.4,8.7,0,1,0,0,1,0,0,1,0,0,0,0,0,1,0,0,1,6.2
The Charlie West Hollywood,90069.0,252.0,9.1,9.2,9.3,9.0,9.0,8.6,9.1,9.6,0,1,0,1,1,0,0,1,0,1,0,0,0,1,0,0,0,7.5
CALIFORNIA Deluxe Suite | 2BD/2BT | FREE PARKING | POOL !,90036.0,6.0,9.6,9.6,10.0,10.0,9.6,9.2,10.0,9.2,1,0,1,0,0,0,0,1,0,0,1,0,0,1,0,1,0,5.6
Loews Hollywood Hotel,90028.0,1239.0,8.6,8.9,8.8,8.6,8.8,7.6,8.2,9.1,0,0,0,1,1,1,0,1,0,0,0,0,1,1,0,1,0,6.2
Downtown Oasis in DTLA,90017.0,15.0,8.7,8.7,8.8,8.7,8.5,8.7,8.7,8.6,1,0,1,0,0,0,0,1,0,0,1,0,0,1,0,1,0,1.2
Luxury Apartments in Downtown LA,90012.0,241.0,8.4,8.7,8.8,8.7,7.9,8.1,8.7,8.1,1,0,0,0,0,0,0,1,0,1,1,0,0,1,0,1,0,800.0
Ace Hotel Downtown Los Angeles,90015.0,917.0,8.2,8.7,8.2,8.3,8.7,7.2,8.7,8.3,0,0,0,1,1,0,0,1,0,0,1,0,1,1,0,1,0,1.1
The Georgian Hotel,90401.0,894.0,8.3,8.7,8.4,7.7,8.4,7.1,8.1,9.5,0,0,1,1,1,0,0,1,0,1,0,0,1,0,0,0,0,14.3
Hotel Beverly Terrace,90210.0,1527.0,8.5,8.9,8.2,8.3,9.0,7.7,8.8,8.9,0,1,0,0,1,1,0,1,0,0,0,0,1,1,0,0,0,8.1
Huntley Santa Monica Beach,90403.0,713.0,8.8,9.4,9.3,8.7,8.7,7.6,7.8,9.3,0,1,1,1,1,0,0,0,0,0,0,0,1,0,0,0,0,14.9
Residence Inn by Marriott Beverly Hills,90028.0,510.0,8.0,8.3,8.0,7.9,8.3,7.2,8.4,8.2,0,0,0,1,1,0,0,1,0,1,0,0,0,1,0,0,0,8.7
Luxe City Center Hotel,90015.0,1078.0,8.4,8.8,8.5,8.2,8.5,7.4,8.4,8.9,0,0,1,1,1,0,0,1,0,1,0,0,1,1,0,0,0,1.3
Chic Staples Center Apartment,90015.0,17.0,8.9,9.0,9.3,9.1,8.5,8.4,10.0,9.0,1,0,1,0,0,0,0,1,0,0,1,0,0,1,0,1,0,1.3
SIXTY Beverly Hills,90212.0,654.0,8.1,8.3,8.1,7.8,8.4,7.0,7.1,9.0,0,0,1,1,1,0,0,1,0,0,0,0,1,1,0,1,0,8.7
Hollywood Blvd Plush Apartment,90028.0,17.0,8.8,9.0,9.1,8.7,8.1,8.6,10.0,9.3,1,0,1,0,0,0,0,1,0,0,0,1,0,1,0,0,0,6.2
Friendship Motor Inn,90019.0,2354.0,8.2,8.5,8.0,7.7,8.7,8.2,7.5,8.1,1,0,0,0,0,0,1,1,0,0,0,1,0,1,0,0,1,4.3
Two Bedroom near Boardwalk,90291.0,7.0,8.5,8.9,8.2,7.9,7.9,8.2,10.0,4.0,1,0,0,0,0,0,1,0,0,1,0,0,0,0,0,0,0,13.7
Viceroy Santa Monica,90401.0,779.0,8.3,8.8,8.6,8.2,8.4,6.9,8.8,8.6,0,0,0,1,1,0,0,0,0,1,0,0,1,1,0,1,0,14.3
Luxury Apartments Near the Grove,90036.0,45.0,9.1,9.0,9.1,9.1,9.5,9.0,8.8,9.2,1,0,1,1,0,0,0,1,0,0,1,0,0,0,0,1,0,5.6
Venice Breeze Suites,90291.0,510.0,8.4,8.6,8.4,8.4,8.4,7.7,9.1,9.1,0,0,0,1,0,0,0,1,0,0,0,1,0,1,1,0,0,13.7
LA Deluxe Suite at The Grove Mall,90036.0,8.0,9.8,9.7,9.7,9.4,10.0,10.0,10.0,9.7,1,0,0,1,0,0,0,1,0,0,1,0,0,1,0,1,0,6.2
Shore Hotel,90401.0,1096.0,8.5,9.1,8.6,8.4,8.7,7.0,8.6,9.4,0,0,0,1,1,0,0,1,0,1,0,0,1,1,0,1,0,14.3
Urban Hollywood Blvd Cinema Suite,90028.0,9.0,9.3,8.9,9.5,8.9,9.5,8.9,10.0,10.0,0,0,1,0,1,0,0,1,0,0,1,0,0,1,0,1,0,6.2
Travelodge by Wyndham Culver City,90232.0,311.0,7.9,8.1,8.0,7.6,8.1,7.5,7.3,7.9,1,0,0,1,0,0,0,1,0,0,0,1,0,1,0,0,0,9.9
Four Seasons Hotel Los Angeles at Beverly Hills,90048.0,192.0,9.0,9.4,9.3,9.1,9.4,8.0,8.6,9.0,0,0,0,1,1,0,0,1,0,0,1,0,1,1,0,1,0,8.1
Hotel Aventura,90006.0,1290.0,8.5,9.1,8.7,8.5,8.6,8.2,8.5,7.8,1,0,0,1,0,0,0,1,0,0,0,0,0,1,0,0,1,3.1
Hotel Erwin,90291.0,1022.0,8.4,8.7,8.4,8.1,9.0,7.2,8.4,9.1,0,1,0,1,1,0,0,1,0,0,0,0,1,1,0,0,0,13.7
Hotel Bel-Air,90077.0,93.0,9.4,9.7,9.7,9.5,9.4,8.4,9.2,9.5,0,0,0,1,1,0,0,1,0,1,0,0,1,1,0,1,0,11.8
Popular Hollywood Upstairs Downstairs Penthouse,90028.0,15.0,8.3,8.2,9.2,7.8,8.3,8.0,7.5,8.3,1,0,0,1,0,1,0,1,0,0,1,0,0,0,0,1,0,6.2
Popular Hollywood Blvd 2BR/BA Oscars,90015.0,57.0,8.3,8.4,8.4,8.1,7.9,8.0,8.8,9.0,1,0,0,0,0,0,0,1,1,0,1,0,0,1,0,1,0,6.2
The Beverly Hills Hotel,90210.0,288.0,9.4,9.6,9.6,9.5,9.6,8.4,9.3,9.6,0,0,0,1,1,0,0,1,0,1,0,0,1,1,0,1,0,9.9
Heart of Hollywood,90028.0,17.0,9.6,9.7,9.3,9.9,9.9,9.1,9.9,8.6,1,0,1,0,0,0,0,1,0,0,1,0,1,1,0,1,0,5.6
Spacious Town House - 2 Levels,90036.0,17.0,8.6,8.8,8.8,8.5,8.5,8.1,8.9,9.0,1,0,1,1,0,0,0,1,0,0,0,0,0,1,0,1,0,5.6
Popular Hollywood Blvd View Penthouse,90028.0,26.0,8.6,8.7,9.0,8.3,8.0,8.4,9.4,9.1,1,0,1,0,0,0,0,1,0,0,1,0,0,1,0,1,0,6.2
Popular Hollywood Walk of Fame Penthouse,90028.0,35.0,8.2,8.2,8.5,7.8,7.9,7.7,8.3,9.2,1,0,1,0,0,0,0,1,0,0,1,0,0,1,0,1,0,6.2
Walk to Convention Center Apartment,90015.0,12.0,8.5,8.8,8.8,8.8,8.3,8.3,7.9,8.0,1,0,1,0,0,0,0,1,0,0,1,0,0,1,0,1,0,1.6
Los Angeles Airport Marriott,90045.0,1945.0,8.0,8.4,8.1,7.9,8.3,7.2,6.3,8.3,0,0,0,0,1,0,0,1,0,0,1,0,1,1,0,1,0,10.6
Beautiful Large Duplex House at The GROVE | Free Parking,90036.0,11.0,9.0,8.4,9.3,8.6,9.6,8.0,9.8,5.0,1,0,0,0,0,0,0,1,0,0,0,0,0,1,0,0,0,6.2
Downtown LA Mandarin Resort Style Suite,90012.0,24.0,8.4,8.6,8.7,8.7,7.7,8.3,10.0,8.6,1,0,0,1,0,0,0,1,0,0,1,0,0,1,0,1,0,0.8
Groovy 2-Bedroom Condo with Terrace,90292.0,5.0,8.5,8.5,8.5,8.5,8.1,7.5,10.0,3.0,1,0,0,1,0,1,0,1,0,0,1,0,0,0,0,1,0,13.0
Mayumi,90230.0,31.0,8.9,9.3,9.0,9.3,8.8,8.4,8.3,8.7,1,0,0,0,0,0,0,1,0,0,0,1,0,1,0,0,0,9.3
East West Comfort: Studio City Universal Apartments,91604.0,16.0,8.6,8.5,8.3,8.6,8.8,8.1,8.8,9.3,1,0,0,1,0,0,0,1,0,0,1,0,0,1,0,1,0,9.3
Marina Studio by the Venice Beach,90292.0,8.0,8.8,8.8,8.5,8.8,8.8,8.1,9.7,4.0,1,0,0,1,0,0,0,1,0,0,1,0,0,1,0,1,0,13.0
Hotel Sofitel Los Angeles at Beverly Hills,90048.0,1249.0,8.2,8.5,8.3,8.0,8.6,7.0,8.4,8.6,0,0,0,1,1,0,0,1,0,0,1,0,1,1,0,1,0,7.5
Popular The Grove Upscale Suite,90036.0,28.0,8.1,7.8,8.1,8.0,8.0,7.7,7.5,9.2,1,0,0,0,0,0,0,1,0,0,1,0,0,1,1,1,0,6.2
Popular Hollywood Marilyn Monroe Suite,90028.0,51.0,8.3,8.2,8.6,8.1,7.9,7.9,7.5,8.8,1,0,0,0,0,0,0,1,0,0,1,0,0,1,0,1,0,6.2
Fabulous Apartment in GLENDON Next to UCLA Los Angeles *21,90024.0,5.0,8.5,9.0,9.0,8.0,8.0,7.5,9.5,1.0,1,0,1,1,0,0,0,0,0,0,1,0,0,1,0,1,0,11.2
Dream Hollywood,90028.0,312.0,8.5,8.9,8.6,8.6,8.7,7.6,7.8,8.7,0,0,0,0,1,0,0,0,0,1,1,0,1,1,0,1,0,5.6
Downtown Cosmopolitan Suites,90012.0,216.0,8.8,9.1,9.1,9.0,8.7,8.3,8.0,8.5,0,0,0,1,1,0,0,1,0,0,1,0,0,1,0,1,0,1150.0
Downtown LA Convention Center Suite,90015.0,34.0,7.9,7.9,8.2,8.1,7.8,7.6,8.5,8.0,1,0,1,0,0,0,0,1,0,0,1,0,0,1,0,1,0,1.7
Global Luxury Suites at Marina Del Rey,90292.0,19.0,8.0,8.5,8.8,8.5,7.1,7.0,10.0,8.3,1,0,0,1,0,0,0,1,0,0,1,0,0,1,0,1,0,13.0
"New Luxury DT LA Apt- Pool, Gym, Staple center",90017.0,58.0,8.9,9.5,9.2,8.9,9.0,8.2,10.0,8.8,1,0,0,1,0,0,0,1,0,0,1,0,1,1,0,1,0,1.1
Popular Hollywood Famous suite,90028.0,6.0,8.9,8.3,8.8,9.2,9.2,8.8,9.2,4.0,1,0,1,0,0,0,0,1,0,0,0,1,0,1,0,1,0,6.2
Venice Suites,90291.0,790.0,8.3,8.4,8.2,8.2,8.4,7.5,8.5,9.0,0,0,0,1,1,0,0,1,0,0,0,0,0,1,0,0,0,13.7
Courtyard by Marriott Santa Monica,90401.0,226.0,8.4,8.8,8.6,8.3,8.4,7.2,8.4,8.9,0,0,0,0,0,0,0,1,0,0,1,0,0,0,0,1,1,14.3
Ramada by Wyndham Marina del Rey,90292.0,1501.0,8.0,8.4,8.1,7.6,8.4,7.4,7.6,8.0,1,0,0,1,0,0,0,1,0,0,0,1,0,1,0,0,0,12.4
Downtown Highrise Luxury Living,90015.0,11.0,8.9,8.9,9.3,8.9,8.4,8.9,9.1,8.0,0,0,1,0,1,0,0,1,0,0,1,0,0,1,0,1,0,1.1
Sunset Marquis Hotel,90069.0,254.0,8.9,9.2,9.2,8.8,9.1,8.0,5.5,9.3,0,0,0,1,1,0,0,0,0,0,1,0,1,1,0,1,0,8.1
The Orlando Hotel,90048.0,600.0,8.5,8.7,8.6,8.1,8.8,7.6,7.7,9.0,0,0,0,0,1,0,0,1,0,1,1,0,1,1,0,1,0,7.5
"Marina Del Rey/Venice 2 Bed, 2 Bath. Pool, Gym",90292.0,6.0,9.7,9.6,9.6,10.0,9.6,9.6,9.6,5.0,1,0,1,0,0,0,0,1,0,0,1,0,0,1,0,1,0,12.4
Urban DTLA Top Level Penthouse,90015.0,9.0,9.4,9.2,8.9,9.7,10.0,9.2,9.5,8.0,0,1,1,0,1,0,0,1,0,0,0,0,0,1,0,1,0,1.3
Popular Hollywood Fabulous Suite,90028.0,30.0,8.5,8.7,8.8,8.6,7.9,7.9,9.0,9.2,1,0,1,0,0,0,0,1,0,0,1,0,0,1,0,1,0,6.2
Urban Hollywood Memories Penthouse,90028.0,8.0,9.1,8.9,8.9,8.9,9.7,8.6,9.4,5.0,0,0,1,0,1,0,0,1,0,0,1,0,0,1,0,1,0,6.2
Embassy Suites Los Angeles - International Airport/North,90045.0,1080.0,8.5,8.6,8.7,8.6,8.7,8.0,8.4,8.6,0,0,0,1,1,0,0,1,0,0,0,0,1,1,0,1,0,10.6
PREMIUM TWO BEDROOM CONDO w Free parking,90012.0,7.0,9.0,9.3,9.3,9.3,8.2,8.9,10.0,8.9,1,0,1,0,0,0,0,1,0,0,1,0,0,1,0,1,0,1150.0
Downtown LA 5beds Entertainer Pool,90015.0,23.0,8.5,9.0,8.9,8.9,7.8,8.0,9.4,8.8,1,0,0,1,0,0,0,1,0,0,1,0,0,1,0,1,0,1.1
Le Meridien Delfina Santa Monica,90405.0,893.0,8.0,8.5,8.4,8.0,8.4,6.9,8.1,8.0,1,0,0,1,0,0,0,1,0,0,1,0,1,1,0,1,0,13.7
High-Rise City View Condo,90010.0,12.0,8.5,8.8,8.8,9.0,7.7,7.7,9.0,5.0,1,0,1,1,0,0,0,1,1,0,0,0,0,1,0,0,0,2.8
W. HOLLYWOOD CHARMING 2BR/2BT SUITE / Free Parking / Rooftop Pool,90036.0,6.0,9.8,10.0,9.6,10.0,10.0,9.6,9.6,5.0,1,0,0,0,0,0,0,1,0,0,1,0,0,1,0,1,0,5.6
Popular Audrey Hepburns Hollywood Suites,90015.0,64.0,8.6,8.6,8.8,8.6,8.4,8.2,10.0,9.1,1,0,0,0,0,0,0,1,0,0,1,0,0,1,1,1,0,6.2
InterContinental - Los Angeles Downtown,90017.0,710.0,9.0,9.3,9.2,9.0,8.8,8.4,9.1,9.2,0,0,0,0,1,0,0,1,0,1,1,0,1,1,0,1,0,1.0
East West Comfort: Hollywood Walk of Fame Apartments,90028.0,12.0,8.2,8.3,8.1,7.5,8.1,7.9,6.3,9.4,1,0,0,1,0,0,0,1,0,0,1,0,0,1,0,1,0,6.2
Urban Hollywood Modern Penthouse,90015.0,37.0,8.5,7.9,8.8,8.5,8.5,7.9,6.3,9.1,0,1,0,0,1,0,0,1,0,0,0,1,0,1,0,0,0,6.8
Fairmont Miramar Hotel & Bungalows,90401.0,296.0,8.4,8.8,8.6,8.4,8.7,7.0,6.0,9.2,0,0,0,1,1,0,0,0,0,0,1,0,1,1,0,1,0,14.9
Petit Ermitage,90069.0,588.0,8.7,9.0,8.9,8.8,8.7,7.6,8.6,9.1,0,0,0,0,1,0,0,1,0,1,1,0,1,1,0,1,0,8.1
Popular Hollywood Presidential Penthouse,90028.0,24.0,8.6,9.2,9.0,8.2,7.7,7.8,10.0,9.4,1,0,0,1,0,1,0,1,0,0,1,0,0,0,0,1,0,6.2
Hotel Angeleno,90049.0,1841.0,8.1,8.6,8.1,8.0,8.5,7.4,8.4,7.7,0,0,0,1,1,0,0,1,0,0,1,0,1,1,0,1,0,12.4
LA Paradise Retreat Amazing Location,90036.0,6.0,9.5,9.2,9.6,10.0,10.0,8.8,9.6,4.0,1,0,0,1,0,0,0,1,0,0,1,0,0,1,0,1,0,6.2
Hilton Garden Inn Los Angeles Marina Del Rey,90292.0,401.0,8.5,8.9,8.7,8.3,8.8,7.6,8.1,8.5,0,0,1,1,1,0,0,1,0,0,0,0,1,1,0,1,0,13.0
Popular Hollywood Blvd Deluxe Suite,90028.0,12.0,8.3,8.2,8.6,8.6,7.3,7.3,9.6,4.0,1,0,1,0,0,0,0,1,0,0,1,0,0,1,0,1,0,6.2
Urban Hollywood Chateau Suite,90028.0,51.0,8.8,8.6,9.0,9.1,8.7,8.5,9.2,8.9,0,0,0,1,1,0,0,1,0,0,1,0,0,1,0,1,0,5.6
Popular Downtown LA Extravagant Suite,90015.0,13.0,8.7,8.9,8.7,8.9,8.7,8.3,8.8,9.1,1,0,0,1,0,0,0,1,0,0,1,0,0,1,0,1,0,1.2
East West Comfort: Downtown LA Artistic Apartments,90012.0,9.0,8.2,8.9,8.1,7.8,8.9,7.2,7.5,8.1,1,0,0,1,0,0,0,1,0,0,1,0,0,1,0,1,0,0.7
Popular Hollywood Views Massive Penthouse,90015.0,5.0,8.4,8.1,9.4,8.8,7.0,8.1,9.4,1.0,1,0,0,1,0,1,0,1,0,0,1,0,0,0,0,1,0,6.2
Melrose Place,90036.0,30.0,8.6,8.3,8.6,8.3,8.6,8.4,8.8,9.3,1,0,0,1,0,0,0,1,0,1,0,0,0,1,0,0,1,5.6
Popular Hollywood VIP Celebrity Penthouse,90028.0,31.0,8.4,8.2,8.8,8.2,7.7,8.1,9.4,9.2,1,0,0,1,0,0,0,1,0,0,1,0,0,1,0,1,0,6.2
Downtown LA Convention Center Apartment,90015.0,35.0,8.6,8.7,8.6,8.9,8.3,8.6,8.8,8.8,1,0,1,0,0,0,0,1,0,0,1,0,0,1,0,1,0,1.7
Sunset Boulevard Luxury Private Home Escape,90028.0,5.0,9.7,9.5,10.0,10.0,9.5,9.5,9.5,4.0,1,0,0,1,0,0,0,1,0,0,0,0,0,1,0,0,0,6.2
Abbot Kinney Apartment,90291.0,341.0,8.3,8.5,8.3,8.2,7.9,7.7,8.5,9.2,0,0,0,1,0,0,1,1,0,0,0,0,0,1,1,0,0,13.0
Downtown Los Angeles Deluxe Penthouse,90028.0,16.0,8.5,8.6,8.9,8.9,7.8,8.5,10.0,8.5,0,0,1,0,1,0,0,1,0,0,1,0,0,1,0,1,0,1.2
Popular Hollywood Spectacular Double King Suite,90028.0,23.0,8.8,9.0,9.3,8.8,8.2,8.4,8.8,9.1,1,0,0,1,0,1,0,1,0,0,1,0,0,0,0,1,0,6.2
Walk of Fame Hostel,90028.0,3741.0,8.3,8.4,7.7,8.0,8.5,8.1,8.4,9.3,0,0,0,0,0,0,1,1,1,0,0,0,0,0,0,0,1,6.2
The Westin Los Angeles Airport,90045.0,1573.0,8.1,8.4,8.5,8.1,8.3,7.5,6.4,8.2,0,0,0,1,1,0,0,0,0,0,0,0,1,1,0,1,0,10.6
Comfort Inn Near Old Town Pasadena in Eagle Rock CA,90041.0,583.0,8.3,8.6,8.3,8.1,8.8,8.1,7.9,7.9,1,0,0,0,0,0,0,1,0,0,1,0,0,1,0,1,1,6.2
Best Western Plus Hollywood Hills Hotel,90028.0,1204.0,8.2,8.5,8.2,8.0,8.5,7.5,8.6,8.5,0,0,1,0,1,0,0,1,0,0,1,0,1,1,0,1,0,5.6
Modern Living,90012.0,62.0,8.9,8.9,9.2,9.0,8.7,8.8,9.3,8.7,0,0,0,1,1,0,0,1,0,0,1,0,0,1,0,1,0,1150.0
Cozy Silver Lake Getaway,90026.0,18.0,8.7,8.8,8.8,8.5,8.8,8.1,10.0,9.2,1,0,0,0,0,0,1,1,0,1,0,0,0,1,0,0,0,3.0
Kimpton Hotel Palomar Los Angeles Beverly Hills,90024.0,627.0,8.0,8.5,8.3,7.7,8.3,7.1,6.2,8.3,0,0,0,1,1,0,0,0,0,0,1,0,1,1,0,1,0,10.6
Marina Vacation Rentals,90094.0,196.0,8.7,8.7,8.7,8.6,9.2,8.4,9.0,8.6,1,0,0,1,0,1,0,1,0,0,1,0,0,0,0,1,0,11.8
Popular Downtown LA Skyline View Suites,90017.0,31.0,8.3,8.1,8.2,8.2,8.8,8.2,7.0,8.4,1,0,0,0,0,0,0,1,0,0,1,0,0,1,1,1,0,1.2
Marina del Rey Marriott,90292.0,341.0,8.1,8.4,8.4,8.0,8.4,6.9,3.8,8.6,0,1,1,0,1,0,0,1,0,0,0,0,1,1,0,0,0,13.0
Popular Hollywood VIP Executive Suite,90028.0,18.0,8.0,7.7,8.3,7.9,7.5,8.1,8.8,8.8,1,0,0,1,0,0,0,1,0,0,1,0,0,1,0,1,0,6.2
Popular Hollywood Blvd Gorgeous Penthouse,90028.0,51.0,8.0,7.7,8.3,7.8,7.7,7.6,10.0,9.2,1,0,0,0,0,0,0,1,1,0,1,0,0,1,0,1,0,6.2
Urban Downtown 3br 3ba Sky Pool Table Penthouse,90015.0,22.0,8.6,8.8,8.9,8.6,8.5,8.0,8.9,8.6,0,1,1,0,1,0,0,1,0,0,0,0,0,1,0,1,0,1.3
"Deluxe, Universal Studios / 2 rooms",90068.0,39.0,8.3,8.7,8.3,8.2,8.0,7.8,8.8,8.8,1,0,0,1,0,0,0,1,0,0,1,0,0,1,0,1,0,7.5
Hotel Indigo - Los Angeles Downtown,90017.0,791.0,8.6,9.0,9.0,8.8,8.5,8.0,8.7,8.6,0,0,0,0,1,0,0,1,0,1,1,0,1,1,0,1,0,1.3
Popular Hollywood Blvd Majestic Suite,90028.0,6.0,9.0,8.3,9.2,9.6,8.3,8.8,9.6,4.0,1,0,1,0,0,0,0,1,0,0,1,0,0,1,0,1,0,6.2
Popular Hollywood Blvd Shining Suite,90028.0,13.0,8.3,8.3,8.7,8.1,8.3,7.7,9.1,5.0,1,0,1,0,0,0,0,1,0,0,1,0,0,1,0,1,0,6.2
Hollywood 2Bed 2Bath,90038.0,99.0,8.1,7.7,8.3,8.2,8.7,8.2,8.5,7.8,1,0,0,1,0,0,1,1,1,0,0,0,0,1,0,0,0,5.0
Sunset Home,90069.0,13.0,8.2,8.3,7.7,7.9,8.3,8.3,8.7,5.0,1,0,0,1,0,0,1,1,0,1,0,0,0,1,0,0,0,7.5
Hollywood Walk of Fame Apartment,90028.0,7.0,8.6,8.6,8.9,7.9,8.2,8.6,9.7,4.0,1,0,1,0,0,0,0,1,0,0,1,0,0,1,0,1,0,6.2
Luxury Condo with Parking,90036.0,8.0,8.2,8.8,8.5,7.8,7.5,7.8,8.8,5.0,1,0,1,0,0,0,0,1,0,0,1,0,0,1,0,1,0,5.6
The Los Angeles Athletic Club,90014.0,671.0,8.6,8.8,8.8,8.8,8.7,8.0,8.4,8.4,0,0,0,1,1,0,0,1,0,0,0,0,1,1,0,1,0,0.8
Hollywood Spring Deluxe,90028.0,170.0,9.0,9.1,9.1,9.2,9.2,8.7,9.3,8.6,1,0,0,0,0,0,1,1,0,0,0,0,0,1,1,0,0,5.0
DTLA Convention Center Stylish Apartment,90015.0,10.0,8.6,8.8,8.5,9.0,8.5,8.0,9.0,6.0,0,0,1,0,1,0,0,1,0,0,1,0,0,1,0,1,0,1.7
Popular Hollywood Celebrity Suite,90028.0,46.0,8.2,8.4,8.3,7.9,7.7,7.8,8.2,9.0,1,0,1,1,0,0,0,1,0,0,0,0,0,1,0,1,0,6.2
BLVD Hotel & Suites,90068.0,1311.0,8.0,8.2,8.0,7.6,8.2,7.4,8.4,8.7,0,1,0,1,1,0,0,1,0,0,0,0,1,1,0,1,0,6.2
Kimpton La Peer Hotel,90069.0,48.0,8.8,9.5,8.7,8.8,9.2,7.8,10.0,9.1,0,0,0,0,1,0,0,1,0,1,1,0,1,1,0,1,0,8.1
Beverly Hills Plaza Hotel,90024.0,789.0,8.4,8.7,8.6,8.3,8.5,7.7,8.4,8.6,0,0,0,1,1,0,0,1,0,0,1,0,1,1,0,1,0,9.9
Popular Downtown LA Presidential Pool Table High Rise,90015.0,26.0,8.2,7.6,8.4,8.3,7.8,8.0,8.3,9.1,1,0,0,0,0,0,0,1,0,0,1,0,0,1,1,1,0,1.1
Hampton Inn Los Angeles Int'l Airport/Hawthorne,90250.0,2092.0,8.5,9.0,8.8,8.6,8.8,8.2,8.1,7.8,1,0,0,1,0,0,0,1,0,0,0,0,0,1,0,1,0,9.9
Luxe Rodeo Drive Hotel,90210.0,753.0,8.2,8.4,8.1,7.8,8.5,7.2,7.8,9.4,0,0,1,1,1,1,0,0,0,0,0,0,1,1,0,0,0,8.7
Popular Downtown LA Governor Suite,90017.0,26.0,9.2,9.1,9.3,9.3,9.0,9.1,10.0,9.3,1,0,1,0,0,0,0,1,0,0,1,0,0,1,0,1,0,1.1
Residence Inn by Marriott Los Angeles L.A. LIVE,90015.0,311.0,8.7,8.9,8.9,8.8,8.9,7.8,9.0,8.8,0,0,0,1,1,1,0,1,0,0,1,0,1,0,0,1,0,1.4
Luxury Home In The Heart of LA,90017.0,29.0,9.4,9.6,9.5,9.3,9.4,9.3,10.0,9.5,1,0,1,1,0,0,0,1,0,0,0,0,0,1,0,1,0,1.2
DTLA Staples Center Suite,90015.0,20.0,8.2,8.4,8.4,8.1,7.6,7.5,9.2,9.1,1,0,1,0,0,0,0,1,0,0,1,0,0,1,0,1,0,1.3
Courtyard Los Angeles Westside,90230.0,539.0,8.2,8.7,8.5,8.2,8.3,7.4,8.2,8.1,0,1,1,0,1,0,0,1,0,0,1,0,1,0,0,1,0,9.3
Popular Hollywood Blvd Luxury Penthouse,90028.0,35.0,8.5,8.6,8.8,8.4,8.4,8.0,8.3,8.9,1,0,0,0,0,0,0,1,1,0,1,0,0,1,0,1,0,6.2
Oakwood Toluca Hills,90068.0,1534.0,8.1,7.8,8.4,8.1,8.1,7.9,8.7,8.4,1,0,0,1,0,0,0,1,0,1,1,0,0,0,0,1,0,8.1
Popular Hollywood Skyline View Penthouse,90028.0,10.0,8.5,8.8,9.3,8.0,7.5,8.0,9.3,4.0,1,0,0,1,0,1,0,1,0,0,1,0,0,0,0,1,0,6.2
Heaven on Hollywood Furnished Apartments,90028.0,213.0,7.9,7.7,8.0,7.8,7.6,7.4,8.9,8.9,1,0,0,1,0,0,0,1,0,1,0,0,0,1,0,1,0,6.2
Downtown LA 3-Bedroom Pool Suite #1,90017.0,11.0,8.4,8.6,9.1,8.9,8.2,7.3,10.0,8.2,0,1,1,0,1,0,1,1,0,0,0,0,0,0,0,0,0,1.3
Popular Hollywood Blvd Modern Suite,90015.0,58.0,8.4,8.5,8.6,8.5,8.2,8.1,10.0,8.7,1,0,0,0,0,0,0,1,1,0,1,0,0,1,0,1,0,6.2
Popular Hollywood Prestige Suite,90028.0,12.0,8.2,8.3,8.1,8.3,7.3,7.5,8.8,9.4,1,0,1,0,0,0,0,1,0,0,1,0,0,1,0,1,0,6.2
The Peninsula Beverly Hills,90212.0,199.0,9.4,9.7,9.6,9.4,9.4,8.4,9.7,9.6,0,0,0,1,1,1,0,1,0,0,0,0,1,1,0,1,0,9.3
East West Comfort: Downtown LA Cozy Apartments,90015.0,11.0,9.1,9.6,9.1,9.6,9.3,8.6,8.2,8.0,1,0,0,1,0,0,0,1,0,0,1,0,0,1,0,1,0,1.7
Hollywood Private Bungalow,90038.0,19.0,9.0,8.8,8.8,9.0,9.1,8.7,10.0,9.4,1,0,0,0,0,0,1,1,0,0,0,0,0,1,0,0,0,5.6
Urban DTLA Chic Stylish Suite,90015.0,34.0,8.8,8.7,8.5,8.9,9.1,8.6,9.2,9.2,0,0,1,0,1,0,0,1,0,0,1,0,0,1,0,1,0,0.9
Hollywood Megastar 5 beds 2-BR pool,90028.0,8.0,9.3,8.1,10.0,9.7,9.1,9.1,10.0,6.0,0,0,1,0,1,0,0,1,0,0,1,0,0,1,0,1,0,6.2
Popular Downtown LA Cirrus Resort Style Suite,90012.0,23.0,8.1,8.1,8.6,7.9,8.5,7.8,10.0,7.9,1,0,0,1,0,0,0,1,0,0,1,0,0,1,0,1,0,0.8
LA Clean and Comfy Suite,90036.0,11.0,8.9,8.4,8.9,8.6,8.8,9.1,9.5,5.0,1,0,1,0,0,0,0,1,0,0,1,0,0,1,0,1,0,5.6
Urban DTLA VIP Penthouse with Pool Table,90015.0,8.0,9.4,9.4,9.7,9.7,9.1,9.1,10.0,9.4,0,0,1,0,1,0,0,1,0,0,1,0,0,1,0,1,0,1.3
Urban 20 FT Two Level Loft,90015.0,5.0,9.3,10.0,10.0,9.0,9.5,8.5,8.5,4.0,0,0,1,0,1,0,0,1,0,0,1,0,0,1,0,1,0,1.3
AIR Venice on the Beach,90291.0,1807.0,7.8,7.9,7.5,7.4,8.3,7.1,8.0,8.7,0,0,0,1,0,0,0,1,0,1,0,0,0,1,0,0,1,13.7
Global Luxury Suites at Figueroa Street,90015.0,11.0,8.3,8.2,8.6,8.2,8.6,8.0,10.0,8.4,0,0,0,1,1,0,0,1,0,0,1,0,0,1,0,1,0,1.2
Tuck Hotel,90014.0,204.0,9.0,9.4,9.2,8.7,9.4,8.4,8.9,8.7,0,0,0,0,1,0,0,1,0,0,0,0,1,1,0,0,1,0.9
Urban DTLA Resort Style Flamingo Suite,90017.0,13.0,9.0,8.7,9.4,9.4,8.5,8.7,10.0,9.2,0,0,1,0,1,0,0,1,0,0,1,0,0,1,0,1,0,1.0
Homewood Suites By Hilton Los Angeles International Airport,90045.0,729.0,9.0,9.3,9.3,9.0,8.8,8.4,8.6,9.0,0,0,0,0,1,0,0,1,0,0,1,0,1,1,0,1,0,11.2
Modern 2BR/2BA in the Heart of Hollywood,90028.0,19.0,8.5,8.3,8.5,8.2,8.3,8.4,2.5,9.2,1,0,0,1,0,0,0,1,0,0,1,0,0,1,0,1,0,6.2
Studio Plus - Hollywood Luxury 2BR APT,90028.0,156.0,8.2,7.9,8.5,8.1,7.8,8.0,9.1,9.2,1,0,0,1,0,0,1,1,0,0,0,0,0,1,0,0,0,6.2
Loft on Hollywood Walk of Fame,90028.0,29.0,8.6,8.1,8.5,8.7,8.9,8.3,9.2,9.2,1,0,0,0,0,0,1,1,0,1,0,0,0,1,0,0,0,6.2
The Hollywood Roosevelt,90028.0,1947.0,8.3,8.6,8.2,8.2,8.5,7.0,6.0,9.1,0,0,0,1,1,0,0,0,0,1,0,0,1,1,0,1,0,6.2
Crowne Plaza Los Angeles International Airport,90045.0,3797.0,8.1,8.4,8.2,7.9,8.2,7.4,8.0,8.3,0,0,0,0,1,0,0,1,0,0,0,0,1,1,0,1,0,10.6
Residence Inn by Marriott Los Angeles LAX/Century Boulevard,90045.0,1231.0,8.6,8.9,8.9,8.7,8.6,8.0,8.5,8.5,0,0,0,0,1,0,0,1,0,1,0,0,0,1,0,1,0,10.6
Urban Downtown LA Moroccan Resort Suite,90115.0,29.0,8.8,8.5,9.0,8.7,9.1,8.4,9.4,8.9,0,0,0,1,1,0,0,1,0,0,1,0,0,1,0,1,0,1.3
Villa Delle Stelle,90028.0,203.0,8.9,9.0,9.0,8.9,9.2,8.3,7.2,9.2,1,0,0,1,0,0,0,1,0,1,0,0,0,1,1,0,0,5.0
The Beverly Hilton,90210.0,545.0,8.0,8.4,8.1,7.9,8.2,6.8,6.1,6.2,0,0,0,1,1,0,0,1,0,1,0,0,1,1,0,1,0,9.3
Fabulous Apt Walk to Santa Monica Beach 17,90401.0,18.0,9.4,10.0,9.3,9.5,9.3,8.6,7.5,9.9,1,0,0,1,0,0,0,1,0,0,0,1,0,1,1,0,0,14.3
The LINE Hotel,90010.0,1218.0,8.2,8.7,8.2,8.3,8.4,7.3,8.7,8.4,0,0,0,1,1,0,0,1,0,1,1,0,1,0,0,1,0,3.1
Los Stylish Apartment Nice Area DTLA,90017.0,23.0,8.6,8.6,8.8,8.6,8.5,8.2,8.3,8.7,1,0,0,1,0,0,0,1,0,0,1,0,0,1,0,1,0,1.3
Hollywood Glamourous Apartment,90028.0,10.0,9.0,8.8,9.3,9.3,8.6,8.5,7.5,9.3,1,0,1,0,0,0,0,1,0,0,1,0,0,1,0,1,0,5.6
Downtown LA Brilliant 5 Beds Pool,90017.0,11.0,8.6,9.3,8.9,8.0,8.9,8.4,7.5,8.4,0,1,1,0,1,0,0,1,0,0,1,0,0,0,0,1,0,1.3
Sirtaj Hotel,90212.0,332.0,8.4,8.7,8.2,8.0,8.6,7.6,9.1,9.2,0,1,0,0,1,0,0,1,0,0,0,0,1,1,0,0,0,8.7
"The Ritz-Carlton, Los Angeles L.A. Live",90015.0,98.0,8.6,9.0,8.7,8.6,8.9,7.5,7.0,8.7,0,0,1,0,1,0,0,0,0,0,1,0,1,1,0,1,0,1.4
Urban Downtown LA Resort Style Suite,90017.0,8.0,7.9,7.8,7.5,8.5,8.1,7.8,7.5,7.8,0,0,0,1,1,0,0,1,0,0,1,0,0,1,0,1,0,1.3
Titta Inn,90032.0,2344.0,8.3,8.4,8.1,8.2,9.3,8.5,8.8,7.6,1,0,0,0,0,0,0,1,0,0,0,1,0,1,0,0,1,5.6
Penthouse Highrise,90010.0,15.0,8.8,8.8,8.8,8.7,8.8,8.3,5.0,9.0,1,0,0,1,0,0,0,1,0,0,1,0,0,1,0,1,0,2.8
"Luxury Apartment with pool, by the Pacific Ocean",90292.0,18.0,8.7,8.5,8.9,8.6,8.9,8.1,9.3,8.6,0,0,0,0,1,1,0,1,0,0,1,0,0,1,0,1,0,13.0
Wyndham Santa Monica At The Pier,90401.0,1433.0,7.8,8.1,7.7,7.3,8.1,6.3,7.5,9.0,0,0,0,1,1,0,0,1,0,1,0,0,1,1,0,1,0,14.3
W Hollywood,90028.0,698.0,7.9,8.3,8.1,7.9,8.0,6.6,4.9,8.5,0,0,0,1,1,0,0,0,0,0,1,0,1,1,0,1,0,5.6
Le Parc Suite Hotel,90069.0,425.0,8.3,8.3,8.6,8.2,8.6,7.5,5.6,8.7,0,0,0,1,1,0,0,0,0,0,1,0,1,1,0,1,0,7.5
Hotel Shangri-La,90401.0,858.0,7.9,8.1,7.7,7.5,8.5,6.5,8.4,9.2,0,0,1,1,1,0,0,1,0,0,0,0,1,1,0,1,0,14.3
Popular Downtown LA Mediterranean View Penthouse,90017.0,24.0,8.2,8.1,8.2,8.2,8.3,7.6,8.1,8.6,1,0,0,0,0,0,1,1,1,0,1,0,0,0,0,1,0,1.2
Bluetiful Apartment Near to convention center,90015.0,6.0,9.2,9.6,8.8,9.2,9.2,8.8,9.6,5.0,1,0,1,0,0,0,0,1,0,0,1,0,0,1,0,1,0,1.7
Luxe Sunset Boulevard Hotel,90049.0,447.0,8.5,8.8,8.7,8.4,8.8,7.7,8.7,8.4,0,0,0,1,1,0,0,1,0,1,0,0,1,1,0,1,0,12.4
Urban Hollywood Blvd Dream Penthouse,90028.0,8.0,9.2,9.4,9.4,9.4,9.1,8.5,9.7,6.0,0,0,0,1,1,0,0,1,0,0,1,0,0,1,0,1,0,6.2
Popular Hollywood Blvd Plush Suite,90028.0,16.0,9.1,9.4,9.9,9.1,8.6,8.8,9.1,10.0,1,0,1,0,0,0,0,1,0,0,1,0,0,1,0,1,0,6.2
Luxury Apartment Near Staples Center,90015.0,25.0,9.5,9.8,9.7,9.6,9.4,9.2,10.0,9.0,1,0,1,0,0,0,0,1,0,0,1,0,0,1,0,1,0,1.3
Premier DTLA Convention Center Apartment,90015.0,9.0,9.3,9.5,9.5,8.9,9.5,8.6,9.7,7.0,0,0,1,0,1,0,0,1,0,0,1,0,0,1,0,1,0,1.6
Hotel Normandie - Los Angeles,90005.0,478.0,8.3,8.7,8.3,8.0,8.9,7.7,8.3,8.3,0,1,0,0,1,0,0,1,0,1,0,0,1,1,0,0,0,3.1
Penthouse with a Stunning Hollywood View,90036.0,18.0,8.5,8.3,8.3,8.1,8.8,8.2,10.0,9.1,0,1,0,0,1,1,0,1,0,0,0,0,0,1,0,0,0,6.2
Urban Hollywood Tropicana Suite,90028.0,26.0,8.1,7.9,8.2,8.1,8.0,7.7,9.2,8.7,0,0,1,0,1,0,0,1,0,0,1,0,0,1,0,1,0,5.6
Downtown Celebrity Suite Near Staples Center,90017.0,18.0,8.3,7.7,8.8,8.2,8.2,7.9,10.0,9.2,1,0,1,0,0,0,0,1,0,0,1,0,0,1,0,1,0,1.2
Regency Inn in Los Angeles,90041.0,667.0,8.3,8.8,8.6,8.1,8.5,8.2,8.6,7.6,1,0,0,1,0,0,0,1,0,0,0,1,0,1,0,0,1,6.2
Boutique 444 Venice Beach,90291.0,510.0,8.8,9.1,8.8,8.9,8.5,8.1,9.3,9.2,0,1,0,1,1,0,0,1,0,0,0,0,0,1,0,0,0,13.0
Charlie Chaplin Historic Hollywood Home,90028.0,15.0,8.3,7.5,8.7,8.5,8.3,8.2,7.5,8.8,1,0,0,1,0,0,0,1,0,0,0,0,0,1,0,0,0,6.2
Downtown LA Paradise Resort Suite,90017.0,28.0,8.5,8.8,8.9,8.5,8.0,8.4,10.0,8.7,1,0,0,1,0,0,0,1,0,0,1,0,0,1,0,1,0,1.2
"The Ritz-Carlton, Marina del Rey",90292.0,257.0,8.5,9.0,8.8,8.6,8.9,7.3,6.0,8.5,0,0,0,0,1,1,0,0,0,0,1,0,1,1,0,1,0,12.4
Urban Two Level Bellagio Penthouse,90017.0,13.0,9.2,8.5,9.6,8.5,9.6,9.6,10.0,9.2,0,1,0,0,1,0,0,1,0,0,1,0,0,1,0,1,0,1.0
Urban Downtown LA Elegant Suite Los Angeles,90017.0,27.0,8.8,9.3,8.6,9.0,8.8,8.2,10.0,9.1,0,0,1,0,1,0,0,1,0,0,1,0,0,1,0,1,0,0.9
Heart of Hollywood,90028.0,36.0,8.5,8.3,8.4,8.5,8.8,7.9,10.0,9.4,1,0,0,0,0,0,1,1,0,0,0,0,0,1,0,0,0,6.2
Popular Downtown LA Spectacular Suite,90015.0,9.0,9.0,9.2,9.2,8.9,9.2,8.6,8.9,5.0,1,0,0,1,0,0,0,1,0,0,1,0,0,1,0,1,0,1.2
Holiday Inn Express Hollywood Walk of Fame,90068.0,1172.0,8.0,8.1,8.1,7.6,8.4,7.2,7.7,8.8,0,0,1,1,1,0,0,1,0,0,0,0,0,1,0,1,0,6.2
Urban Hollywood James Bond Suite,90028.0,7.0,8.5,8.6,8.6,8.9,8.6,8.2,7.9,4.0,0,1,0,0,1,0,0,1,0,0,1,0,0,1,0,1,0,6.2
Kings Home,90069.0,9.0,9.2,8.9,9.2,9.7,8.9,8.9,9.5,7.0,1,0,0,1,0,0,1,1,0,1,0,0,0,1,0,0,0,7.5
Sunset Tower Hotel,90069.0,112.0,8.7,9.1,8.9,8.3,8.9,7.9,8.9,9.2,0,0,0,1,1,0,0,1,0,1,0,0,1,1,0,1,0,7.5
Urban Dtla Two Level Fashion Loft,90015.0,9.0,9.5,9.7,9.7,9.2,9.5,8.9,10.0,9.7,0,0,1,0,1,0,0,1,0,0,1,0,0,1,0,1,0,1.5
2 Bedroom Celebrity Loft,90017.0,27.0,9.0,8.9,8.9,9.0,9.1,8.9,10.0,9.0,1,0,1,0,0,0,0,1,0,0,1,0,0,1,0,1,0,1.0
Downtown L.A. Resort Comfort Life and 4Beds,90015.0,26.0,8.9,8.9,9.0,9.1,9.0,8.4,8.5,9.2,1,0,0,0,0,0,0,1,0,0,1,0,0,1,1,1,0,1.1
Popular Downtown LA Luxury Palazzo Resort Style Suite,90012.0,24.0,8.5,8.5,8.3,8.6,8.7,8.2,10.0,8.7,1,0,0,0,0,0,0,1,0,0,1,0,0,1,1,1,0,0.8
Urban Hollywood Blvd Grammys Suite,90028.0,32.0,8.6,8.4,8.8,8.8,8.5,8.2,10.0,8.7,1,0,1,0,0,0,0,1,0,0,1,0,0,1,0,1,0,5.6
Courtyard by Marriott Los Angeles L.A. LIVE,90015.0,219.0,8.6,9.0,8.8,8.7,8.8,7.5,8.5,8.8,0,0,1,1,1,0,0,1,0,0,0,0,1,1,0,1,0,1.4
Hollywood 6 beds Vip Pool Suite,90028.0,30.0,8.0,8.2,8.1,8.4,7.7,7.4,9.5,8.2,0,1,0,0,1,0,0,1,0,0,1,0,0,1,0,1,0,5.6
Popular Downtown LA Bellagio Resort Suite,90017.0,34.0,7.9,7.5,7.9,7.7,8.2,7.6,9.2,8.4,1,0,0,1,0,0,0,1,0,0,1,0,0,1,0,1,0,1.2
Urban Downtown LA Chanel Suite,90017.0,33.0,8.7,8.6,8.6,9.0,8.8,8.3,9.7,9.0,0,1,1,0,1,0,0,1,0,0,0,1,0,1,0,0,0,0.9
Charming and Lovely apt!,90036.0,20.0,8.8,9.0,8.5,8.4,8.4,8.8,10.0,9.5,1,0,0,0,0,1,0,1,0,1,0,0,0,0,0,0,0,5.6
"Tilt Hotel Universal Hollywood, an Ascend Hotel Collection Member",90068.0,694.0,7.9,8.0,8.0,7.6,8.2,7.1,8.3,8.4,0,1,0,0,1,0,0,1,0,0,0,0,0,0,0,1,0,7.5
AKA Beverly Hills,90210.0,26.0,9.3,9.2,9.6,9.1,9.5,8.9,8.8,9.6,0,0,1,1,1,0,0,1,0,1,0,0,0,1,0,0,0,8.7
Popular Downtown LA VIP Modern High Rise Suite,90015.0,19.0,8.8,8.7,8.6,8.7,9.0,8.4,8.5,9.4,1,0,0,1,0,0,0,1,0,0,1,0,0,1,0,1,0,1.1
Popular DTLA Designer Suite With Massive Views,90015.0,41.0,8.8,8.4,8.8,9.1,8.8,8.4,8.8,9.3,1,0,0,0,0,0,0,1,1,0,1,0,0,1,0,1,0,1.3
Urban Hollywood Oscars Suite,90028.0,11.0,8.6,8.6,8.9,8.4,9.1,7.7,6.3,8.6,0,0,1,0,1,0,0,1,0,0,1,0,0,1,0,1,0,5.6
Millennium Biltmore Los Angeles,90071.0,1275.0,8.1,8.3,8.1,8.0,8.2,7.3,7.9,8.5,0,0,1,1,1,0,0,1,0,0,0,0,1,1,0,1,0,0.7
Urban Hollywood Universal Studios Suite,90028.0,29.0,8.5,8.4,8.5,8.7,9.1,7.8,8.7,8.6,1,0,0,1,0,0,0,1,0,0,1,0,0,1,0,1,0,6.2
Global Luxury Suites at Wilshire,90036.0,12.0,8.5,9.4,9.2,8.3,7.5,7.7,8.1,8.6,0,0,0,1,1,0,0,1,0,0,1,0,0,1,0,1,0,5.6
"H Hotel Los Angeles, Curio Collection By Hilton",90045.0,690.0,8.9,9.3,9.2,8.8,8.7,8.2,8.6,8.9,0,0,0,0,1,0,0,1,0,0,0,0,1,1,0,1,0,11.2
Urban DTLA Corporate Executive Suite,90017.0,7.0,8.5,8.9,8.6,8.6,8.6,7.9,8.6,5.0,0,0,0,1,1,0,0,1,0,0,1,0,0,1,0,1,0,1.1
Popular Downtown LA Parlor Resort Style Suite,90012.0,15.0,7.9,7.7,8.5,7.9,7.9,7.5,3.8,7.8,1,0,0,1,0,0,0,1,0,0,1,0,0,1,0,1,0,0.8
Venice Style Studio Venice Beach,90292.0,14.0,8.3,8.6,8.0,8.2,8.5,7.0,9.3,7.0,1,0,1,0,0,0,0,1,0,0,1,0,0,1,0,1,0,13.0
Downtown LA Clean and Cozy Suite,90017.0,5.0,8.7,9.0,9.5,9.5,6.5,8.0,10.0,3.0,1,0,1,0,0,0,1,1,0,0,1,0,0,0,0,1,0,1.1
JW Marriott Los Angeles L.A. LIVE,90015.0,638.0,8.8,9.1,9.0,8.8,8.8,7.8,8.1,9.1,0,0,0,1,1,0,0,1,0,0,0,0,1,1,0,1,0,1.5
Hollywood Blvd Exclusive Apartment,90028.0,13.0,8.4,8.9,9.1,8.5,6.9,7.5,8.8,9.4,1,0,1,0,0,0,0,1,0,0,0,1,0,1,0,0,0,6.2
Urban Downtown LA Modern Suite,90017.0,8.0,9.1,9.1,9.4,9.4,8.8,8.5,9.4,7.0,0,0,1,0,1,0,0,1,0,0,1,0,0,1,0,1,0,1.0
Glendon Apartments,90024.0,154.0,8.1,7.9,8.2,7.9,7.9,7.4,9.4,9.0,0,1,0,0,1,0,1,1,0,0,0,0,0,0,0,0,0,11.2
"SLS Hotel, a Luxury Collection Hotel, Beverly Hills",90048.0,686.0,8.2,8.5,8.3,8.1,8.5,7.1,6.3,8.5,0,0,0,1,1,0,0,0,0,0,1,0,1,1,0,1,0,7.5
Beverly Hills Marriott,90035.0,385.0,7.9,8.4,8.2,7.8,8.1,6.9,7.4,8.1,0,1,0,0,1,0,0,1,0,0,0,0,1,1,0,1,0,8.7
Los Comfy Apartment,90017.0,12.0,9.1,9.4,9.2,9.0,8.8,9.0,9.4,8.0,1,0,1,1,0,0,0,1,0,0,0,0,0,1,0,1,0,1.1
LA Luxury Suite at The Grove | 2BR&2BT | Pool | Free Parking,90036.0,9.0,8.6,8.6,8.3,8.6,8.6,8.3,8.9,5.0,1,0,1,0,0,0,0,1,0,0,1,0,0,1,0,1,0,5.6
Downtown LA Luxe Staples Center Suite,90015.0,16.0,8.1,8.3,7.8,8.0,7.5,8.0,10.0,8.9,1,0,1,0,0,0,0,1,0,0,1,0,0,1,0,1,0,1.2
"WeHo Palace, 2 Bedroom 2 Full Bath",90046.0,23.0,8.1,8.3,8.1,7.8,7.7,8.1,10.0,8.8,1,0,0,0,0,0,1,1,0,0,0,0,0,1,0,0,0,6.8
Chic 2 Bedroom/2 Bathroom Suite at the Beach,90292.0,15.0,7.3,6.8,8.2,7.5,8.0,6.7,6.8,2.0,1,0,1,0,0,0,0,1,0,0,1,0,0,1,0,1,0,12.4
Oceana Beach Club Hotel,90403.0,395.0,8.2,8.7,8.4,8.0,8.4,6.8,8.6,8.7,0,0,1,1,1,0,0,1,0,0,0,0,1,1,0,0,0,14.9
Popular Hollywood and The Grove Luxury Pavilion Resort Style Suite,90036.0,24.0,7.6,7.3,7.6,7.8,6.8,7.2,9.2,8.7,1,0,1,0,0,0,0,1,0,0,1,0,0,1,0,1,0,6.2
Urban Dtla Paradise Suite,90017.0,7.0,8.6,9.7,8.6,8.6,9.3,7.5,7.9,3.0,0,0,1,0,1,0,0,1,0,0,1,0,0,1,0,1,0,1.1
"Prime West Hollywood, Gorgeous & Renovated 2 Bed 2 Bath",90046.0,13.0,7.9,7.9,8.1,7.7,8.1,7.7,10.0,8.1,1,0,0,0,0,0,1,1,0,0,0,0,0,0,0,0,0,6.8
Live like a Hollywood Celebrity,90068.0,21.0,7.6,8.1,7.0,7.0,7.9,7.3,8.3,9.0,1,0,0,1,0,0,1,1,0,0,0,0,0,1,0,0,0,5.6
Living The LA Dream 2 bed 2 bath,90015.0,13.0,8.6,8.9,8.7,8.5,8.4,7.9,9.1,8.0,0,1,0,0,1,0,0,1,0,0,1,0,0,1,0,1,0,1.1
The Westin Bonaventure Hotel & Suites,90071.0,715.0,8.3,8.7,8.5,8.3,8.5,7.5,8.7,8.5,0,0,0,1,1,0,0,1,0,0,1,0,1,1,0,1,0,0.8
Executive Lifestyle Apartment,90017.0,111.0,8.7,8.5,8.9,8.9,8.7,8.7,8.1,8.6,1,0,0,1,0,0,0,1,0,0,1,0,0,1,0,1,0,0.9
Kimpton Hotel Wilshire,90048.0,300.0,8.1,8.4,8.4,7.8,8.5,7.1,6.4,8.0,0,0,0,0,1,0,0,0,0,1,1,0,1,1,0,1,0,6.8
Downtown LA Modern Staples Center Suite,90015.0,16.0,8.4,8.9,8.3,8.0,8.0,8.1,8.8,8.9,1,0,1,0,0,0,0,1,0,0,1,0,0,1,0,1,0,1.3
"Channel Road Inn, A Four Sisters Inn",90402.0,111.0,9.2,9.6,9.4,9.3,9.6,8.2,8.7,9.1,1,0,0,0,0,0,0,1,0,0,0,1,0,1,1,0,0,15.5
Venice Beach Vacation Condos,90291.0,252.0,8.3,8.6,8.4,8.3,8.0,7.7,8.7,8.8,0,0,0,1,1,0,0,1,1,0,0,0,0,1,0,0,0,13.7
American Hotel,90013.0,1449.0,8.1,8.5,8.0,7.7,8.7,8.0,8.6,8.0,0,0,0,1,0,0,1,1,0,0,0,0,0,1,0,0,0,0.7
Hilton Garden Inn Los Angeles / Hollywood,90068.0,384.0,7.9,8.2,7.8,7.7,8.2,7.0,7.7,8.6,0,0,1,0,1,0,0,1,0,0,1,0,1,1,0,1,0,6.2
Urban DTLA Two Level Staples Center Loft,90015.0,10.0,9.2,9.5,9.3,9.3,9.3,8.8,9.0,7.0,0,0,1,0,1,0,0,1,0,0,1,0,0,1,0,1,0,1.5
"Santa Monica Duplex, 3 Bed 2 Bath",90404.0,12.0,8.0,8.6,8.6,7.3,8.1,7.3,8.3,4.0,1,0,0,0,0,0,0,1,1,0,0,0,0,1,1,0,0,12.4
Popular Downtown LA Venetian Resort Style Suite,90012.0,22.0,7.6,7.7,7.5,7.5,8.2,7.2,10.0,7.6,1,0,0,0,0,0,0,1,0,0,1,0,0,1,1,1,0,0.7
Popular Downtown LA Splendid Suite,90015.0,25.0,8.6,8.8,8.8,8.5,8.4,7.9,8.6,8.9,1,0,1,0,0,0,0,1,0,0,1,0,0,1,0,1,0,1.2
Franklin Tower,90028.0,34.0,8.7,8.5,8.8,8.9,8.5,8.2,9.4,9.1,1,0,0,0,0,0,0,1,0,1,1,0,1,1,0,1,0,5.6
Downtown LA Serene Penthouse,90012.0,38.0,8.1,7.8,8.5,8.1,7.8,8.0,10.0,8.2,1,0,0,1,0,0,0,1,0,0,1,0,0,1,0,1,0,0.7
W Los Angeles â€“ West Beverly Hills,90024.0,363.0,7.7,8.0,7.9,7.5,7.9,6.5,5.0,8.4,0,0,0,1,1,0,0,0,0,0,1,0,1,1,0,1,0,11.2
Urban Hollywood Two Level Penthouse,90028.0,20.0,9.2,9.0,9.3,9.0,9.4,8.8,9.8,8.6,0,0,1,0,1,0,0,1,0,0,1,0,0,1,0,1,0,6.2
Selby Ave Guest House,90064.0,75.0,10.0,10.0,9.9,10.0,9.9,9.9,10.0,9.9,1,0,0,0,0,0,0,1,0,0,1,0,0,1,1,1,0,9.9
L.A. CITY LIFE HIGHRISE VIEWS - 5 BEDS,90015.0,5.0,8.4,8.5,8.5,8.5,8.5,8.5,8.0,2.0,1,0,1,0,0,0,0,1,0,0,1,1,0,0,0,1,0,1.1
Downtown LA Dazzling Apartment,90017.0,6.0,8.2,9.2,8.3,7.5,7.9,7.9,7.5,8.3,1,0,1,0,0,0,0,1,0,0,1,0,0,1,0,1,0,1.2
Urban Hollywood Celebrity Suite,90028.0,18.0,8.5,8.2,8.6,8.8,8.8,8.1,9.2,8.6,0,0,0,1,1,0,0,1,0,0,1,0,0,1,0,1,0,6.2
Hollywood Historic Hotel,90038.0,1686.0,7.7,7.9,7.5,7.2,8.5,7.4,8.6,7.8,0,1,0,1,1,0,0,1,0,0,0,0,1,1,0,0,1,4.3
Hilton Los Angeles Airport,90045.0,4004.0,7.7,8.1,7.9,7.6,7.9,7.0,5.6,7.9,0,0,0,1,1,0,0,0,0,0,1,0,1,0,0,1,0,10.6
Hollywood Hotel - The Hotel of Hollywood Near Universal Studios,90029.0,2206.0,7.8,8.0,7.9,7.7,8.1,7.5,7.9,7.5,0,0,0,1,1,1,0,1,0,0,1,0,1,0,0,1,0,3.7
Renaissance Los Angeles Airport Hotel,90045.0,964.0,7.9,8.3,8.1,7.9,8.2,7.1,6.2,8.1,0,0,0,0,1,0,0,1,0,0,1,0,1,1,0,1,0,10.6
Popular Hollywood Blvd Superstar Suite,90028.0,11.0,7.8,8.2,8.2,8.2,6.6,7.3,8.2,6.0,1,0,1,0,0,0,0,1,0,0,0,1,0,1,0,1,0,6.2
Hollywood Blvd Stars Suite,90028.0,44.0,7.8,7.8,7.6,7.6,7.4,7.3,8.0,9.0,1,0,0,1,0,0,0,1,0,0,1,0,0,1,0,1,0,6.2
The Hotel Hollywood,90028.0,2632.0,8.0,8.2,7.5,7.3,8.9,7.5,7.8,8.5,0,0,0,0,1,0,1,1,1,0,0,1,0,1,0,0,0,5.6
Popular Hollywood Blvd James Dean Suite,90028.0,15.0,8.1,7.3,8.7,8.3,7.2,7.7,10.0,9.2,1,0,1,0,0,0,0,1,0,0,1,0,0,1,0,1,0,6.2
The Grove Luxe Apartment,90036.0,10.0,8.1,8.3,8.0,8.0,8.1,7.5,7.5,8.8,1,0,1,0,0,0,0,1,0,0,1,0,0,1,0,1,0,6.2
Four Points by Sheraton Los Angeles International Airport,90045.0,5880.0,7.6,7.8,7.5,7.3,8.0,6.9,7.6,8.0,0,0,0,1,1,0,0,1,0,0,1,0,1,0,0,1,0,10.6
Popular Hollywood Boulevard Of Stars 2BR/BA Suite,90028.0,30.0,8.1,7.8,8.3,8.2,7.7,7.5,8.9,8.6,1,0,1,0,0,0,0,1,0,0,1,0,0,1,0,1,0,5.6
Comfort Inn Santa Monica - West Los Angeles,90404.0,610.0,7.8,8.2,7.9,7.6,8.0,7.3,7.9,7.9,1,0,0,0,0,0,0,1,0,0,1,0,0,0,0,1,0,13.0
Downtown LA Convention Center Elite Apartment,90015.0,14.0,8.7,8.9,8.5,9.1,8.2,8.5,6.7,9.2,0,0,1,0,1,0,0,1,0,0,1,0,0,1,0,1,0,1.7
Modern Apartments in Downtown LA,90017.0,101.0,7.6,7.7,8.0,7.8,7.1,7.0,9.2,8.1,0,0,0,1,0,0,0,1,0,1,0,0,0,1,0,0,0,1.1
Artist Home at Venice Beach - One Bedroom Oasis,90292.0,20.0,7.2,6.8,6.6,6.4,8.4,6.6,8.5,4.0,1,0,0,1,0,0,0,1,0,0,1,0,1,1,0,1,0,13.0
Beverly Hills Celebrity Home,90035.0,168.0,8.9,9.1,8.9,9.0,8.8,8.6,9.3,9.3,1,0,0,0,0,0,0,1,0,0,1,0,0,1,1,1,0,8.7
Mondrian Los Angeles in West Hollywood,90069.0,732.0,7.7,8.0,7.9,7.5,7.7,6.6,5.7,8.5,0,0,0,1,1,0,0,1,0,1,0,0,1,1,0,1,0,8.1
DoubleTree by Hilton Hotel Los Angeles - Westside,90230.0,892.0,7.7,8.0,7.9,7.6,8.1,6.9,7.5,7.5,0,0,1,1,1,0,0,1,0,0,0,0,1,1,0,1,0,9.9
DOWNTOWN L.A. SKY VIEW PENTHOUSE & 4 BEDS,90017.0,12.0,8.2,7.7,8.6,8.3,7.3,8.1,9.4,5.0,1,0,0,0,0,0,0,1,0,0,1,0,0,1,1,1,0,1.0
Hotel MDR Marina del Rey- a DoubleTree by Hilton,90292.0,679.0,7.8,8.1,8.0,7.7,8.2,6.7,7.8,7.9,0,0,0,1,1,0,0,1,0,1,0,0,0,1,0,1,0,11.8
Super Lovely Studio Apartment,90020.0,5.0,9.0,8.0,9.5,9.0,9.5,9.0,9.0,4.0,0,0,0,0,0,0,0,1,0,0,0,0,0,1,0,0,0,3.7
Angel City Spacious Apartment,90017.0,15.0,8.3,8.8,8.5,8.2,8.2,7.8,7.5,8.2,1,0,1,1,0,0,0,1,0,0,0,0,0,1,0,1,0,1.1
Hollywood 7 Bed Penthouse Superstar,90028.0,38.0,7.7,7.4,7.6,7.4,8.1,7.1,8.8,8.7,0,1,0,0,1,0,0,1,0,0,1,0,0,1,0,1,0,5.6
Doubletree by Hilton Los Angeles Downtown,90012.0,693.0,7.8,8.3,8.1,7.7,8.1,6.9,6.1,7.8,0,1,0,1,1,0,0,0,0,0,0,0,1,1,0,0,0,650.0
Hollywood Walk of Fame 5beds Studio,90028.0,13.0,8.0,8.1,8.1,7.7,8.3,7.5,7.5,8.6,0,1,1,0,1,0,0,1,0,0,0,0,0,1,0,0,0,6.2
Downtown LA 5Beds Spectacular Pool,90017.0,8.0,7.5,8.5,8.5,7.5,6.9,6.3,7.5,7.2,0,0,0,1,1,0,0,1,0,0,1,0,0,1,0,1,0,1.3
Studio City Warm Apartment,91604.0,10.0,7.6,7.8,7.0,6.8,8.0,6.5,9.3,4.0,1,0,0,1,0,0,0,1,0,0,1,0,0,1,0,1,0,9.3
Chic and Charming 1 bdr,90046.0,70.0,7.9,7.7,7.8,7.7,7.9,7.5,8.6,8.9,1,0,0,1,0,1,0,1,0,0,0,0,0,0,0,0,0,6.8
Hollywood House Melrose Place,90038.0,9.0,7.5,7.0,7.2,7.2,8.3,7.0,8.1,3.0,1,0,0,1,0,0,0,1,0,0,0,1,0,1,0,0,0,5.6
Downtown Los Angeles Luxury 3-bedroom Pool Suite,90017.0,10.0,8.1,8.3,8.5,8.0,7.3,7.8,8.5,5.0,0,0,1,0,1,0,0,1,0,0,1,0,0,1,0,1,0,1.3
"The Standard, Hollywood",90069.0,563.0,7.8,7.9,7.7,7.4,8.2,6.9,7.8,8.7,0,0,0,0,1,0,0,1,0,1,1,0,1,1,0,1,0,7.5
DOWNTOWN L.A. 36 Story Breath Taking View Penthouse,90015.0,15.0,7.8,7.7,7.7,8.0,7.8,7.5,6.3,7.8,1,0,0,0,0,0,0,1,0,0,1,0,0,1,0,1,0,1.1
Urban Downtown LA Sapphire Suite,90017.0,5.0,8.6,9.5,8.5,8.5,8.5,8.0,8.5,3.0,0,0,1,0,1,0,0,1,0,0,1,0,0,1,0,1,0,1.2
Holiday Inn Express Los Angeles LAX Airport,90045.0,657.0,7.9,8.1,8.0,7.5,8.2,7.3,8.2,8.0,1,0,0,0,0,0,0,1,0,0,1,0,0,1,0,1,0,9.9
Hollywood Hills Suites,90028.0,50.0,7.9,7.6,7.8,7.5,7.9,7.4,7.5,9.0,1,0,0,1,0,0,0,1,0,0,0,0,0,1,1,0,0,5.6
EXQUISITE MARINA 2BDR SUITE WITH BALCONY & RELAXING VIEWS,90094.0,9.0,7.9,7.8,7.5,7.8,7.8,7.5,7.5,9.2,1,0,0,0,0,0,0,1,0,1,1,0,0,1,0,1,0,11.8
Wingate by Wyndham Los Angeles Airport,90304.0,4050.0,7.6,7.9,7.9,7.4,7.7,7.3,7.7,7.5,0,0,1,1,1,0,0,1,0,0,0,0,0,1,0,0,0,9.9
"Hampton Inn & Suites Los Angeles/Hollywood, CA",90038.0,85.0,8.6,9.2,8.8,8.8,8.9,7.8,8.5,7.8,0,0,1,1,1,0,0,1,0,0,1,0,0,0,0,1,0,5.0
Montrose West Hollywood,90069.0,458.0,7.7,7.8,8.0,7.6,7.8,6.8,5.8,8.4,0,0,0,1,1,0,0,0,0,0,1,0,1,1,0,1,0,8.1
Los Angeles 5 Beds Convention Pool,90015.0,24.0,7.9,8.2,8.5,7.7,7.5,7.2,10.0,8.5,1,0,0,1,0,0,0,1,0,0,1,0,0,1,0,1,0,1.5
Top Floor Penthouse Living Like A Rockstar,90017.0,23.0,8.1,8.1,8.1,8.3,8.2,7.5,7.8,8.3,0,0,0,1,1,1,0,1,0,0,1,0,0,0,0,1,0,1.0
Sheraton Universal,91608.0,1017.0,7.5,7.5,7.5,7.1,8.1,6.2,5.8,8.5,0,0,1,1,1,0,0,1,0,0,0,0,1,1,0,1,0,8.7
Mid City 3 Bedroom 3 Bathroom 5 Queen Beds,90019.0,11.0,8.3,8.2,8.2,8.6,8.9,8.2,10.0,7.5,1,0,0,1,0,0,1,1,0,0,0,0,0,1,0,0,0,3.7
The Moment Hotel,90046.0,271.0,8.0,8.3,8.0,7.8,8.4,7.0,8.1,8.3,0,1,0,1,1,0,0,1,0,0,0,0,1,1,0,0,0,6.8
Urban Downtown LA Luxury Resort Suite,90017.0,16.0,8.7,8.5,8.6,8.8,9.2,8.0,9.2,8.9,1,0,1,0,0,0,0,1,0,0,1,0,0,1,0,1,0,1.2
Jolly Roger Hotel,90292.0,1043.0,7.6,7.6,7.3,7.3,8.5,6.9,8.2,8.0,1,0,0,1,0,0,0,1,0,0,1,0,0,1,0,1,0,12.4
Urban Downtown LA Designer City Sky Suite,90015.0,15.0,8.0,7.5,7.5,7.8,8.0,7.9,9.1,9.0,0,0,0,1,1,0,0,1,0,0,1,0,0,1,0,1,0,1.3
Downtown LA VIP Resort Apartment,90017.0,9.0,7.4,7.8,7.0,7.0,7.5,7.2,2.5,8.1,1,0,1,0,0,0,0,1,0,0,1,0,0,1,0,1,0,1.2
Strathmore Apartments,90024.0,50.0,7.4,7.5,7.4,7.3,6.8,7.2,8.0,8.2,0,1,0,0,1,0,1,1,0,0,0,0,0,1,0,0,0,11.8
Executive Celebrity Suites,90017.0,41.0,8.5,8.4,8.7,8.8,8.5,8.2,9.7,8.4,1,0,1,1,0,0,0,1,0,0,0,0,0,1,0,1,0,1.2
Popular Downtown Los Angeles Luxurious Resort Suite,90012.0,26.0,7.9,7.5,8.3,8.3,8.0,7.5,8.3,7.9,1,0,0,0,0,0,0,1,0,0,1,0,0,1,1,1,0,0.7
Hollywood Hot Spot Condo,90028.0,12.0,7.5,7.5,7.1,7.1,7.9,6.9,10.0,8.6,1,0,0,1,0,0,0,1,0,0,1,0,0,1,0,1,0,6.2
Amazing 2bed/2 bath near the Grove,90036.0,36.0,8.3,7.5,8.2,8.3,9.0,7.7,7.5,9.3,1,0,0,0,0,0,1,1,0,0,0,0,0,1,0,0,0,5.6
Popular DTLA Designer Suite,90015.0,13.0,8.0,8.5,8.1,7.9,8.1,7.3,8.3,3.0,1,0,0,0,0,0,0,1,1,0,1,0,0,1,0,1,0,1.3
Sportsmen's Lodge Hotel,91604.0,1357.0,7.7,7.9,7.8,7.5,8.0,7.0,7.9,8.1,0,0,0,1,1,0,0,1,0,0,1,0,1,1,0,1,0,11.2
Popular Hollywood Blvd Magnificent Suite,90028.0,10.0,7.8,7.5,8.0,8.0,7.8,7.8,8.0,3.0,1,0,1,0,0,0,0,1,0,0,1,0,0,1,0,1,0,6.2
Epic Downtown Apartment,90017.0,6.0,8.2,8.8,8.3,8.3,8.3,7.9,10.0,7.5,1,0,0,1,0,1,0,1,0,0,0,0,0,1,0,1,0,1.2
SureStay Collection by Best Western Saharan Hotel,90046.0,1179.0,7.0,7.1,6.8,6.5,6.9,6.7,7.3,7.9,1,0,0,1,0,0,0,1,0,0,1,0,0,1,0,1,0,6.2
Modern Star Apartments,90017.0,16.0,8.1,8.8,8.3,8.5,8.3,7.7,8.8,7.2,1,0,1,0,0,0,0,1,0,0,1,0,0,1,0,1,0,0.6
Hotel Carmel By The Sea,90401.0,1247.0,7.4,7.6,6.9,6.4,8.1,6.5,7.3,9.2,0,1,0,1,1,0,0,1,0,0,0,0,0,0,0,0,1,14.3
Popular Hollywood Blvd Two Story Suite,90028.0,32.0,7.8,7.9,8.1,7.8,7.5,7.1,7.5,8.4,1,0,1,0,0,0,0,1,0,0,1,0,0,0,0,1,0,6.2
Urban Downtown LA Oasis Resort Suite,90015.0,14.0,7.5,7.2,7.3,7.0,8.7,7.0,7.5,8.0,0,0,1,0,1,0,0,1,0,0,1,0,0,1,0,1,0,1.3
Urban Downtown LA Pool Table Penthouse,90015.0,18.0,7.9,6.8,8.2,8.1,8.5,6.7,7.5,8.9,0,0,1,0,1,0,0,1,0,0,1,0,0,1,0,1,0,1.3
"The Standard, Downtown LA",90071.0,705.0,7.8,8.1,7.7,7.7,7.8,6.9,8.2,8.3,0,0,1,0,1,0,0,1,0,1,0,0,1,1,0,1,0,0.8
The Grove Luxury Suite,90036.0,6.0,7.9,7.1,7.9,8.3,7.9,7.5,8.8,1.0,1,0,0,1,0,0,0,1,0,0,1,0,0,1,0,1,0,6.2
Century Park Hotel LA,90064.0,131.0,7.4,7.8,7.4,6.9,8.0,6.8,8.4,7.7,0,1,0,1,1,0,0,1,0,0,0,1,0,1,0,0,0,9.9
Hollywood City Inn,90027.0,1492.0,7.3,7.4,7.2,7.0,7.3,7.0,7.8,7.9,1,0,0,0,0,0,0,1,0,0,0,0,0,1,0,1,1,5.0
Private Bedroom and Bathroom in Shared 2 Bedroom Apartment,90292.0,13.0,8.2,8.5,8.3,7.9,8.5,6.9,7.5,9.2,1,0,1,0,0,0,0,1,0,0,1,0,0,1,0,1,0,13.0
Wellworth Apartments,90024.0,170.0,7.8,7.5,7.9,7.6,7.9,7.1,8.5,8.6,0,1,1,0,1,0,0,1,0,0,0,0,0,1,0,0,0,11.2
Cal Mar Hotel Suites,90403.0,657.0,7.7,7.6,7.5,7.2,8.1,6.8,3.7,8.9,0,1,0,1,1,0,0,0,0,0,0,0,0,1,0,1,0,14.9
Dunes Inn - Sunset,90028.0,648.0,7.5,7.8,7.2,7.0,7.7,7.4,8.2,8.1,1,0,0,1,0,0,0,1,0,0,0,1,0,1,0,0,1,5.0
The Dixie Hollywood,90027.0,1986.0,7.1,7.0,6.8,6.8,7.4,6.9,7.2,7.9,1,0,0,1,0,0,0,1,0,1,0,0,0,1,0,1,0,5.0
Hollywood Grand Apartment,90028.0,10.0,6.9,7.0,7.5,6.3,6.0,6.8,7.8,3.0,1,0,0,0,0,0,0,1,0,0,0,0,0,0,0,0,0,6.2
Hollywood 5 Beds Famous Awards Pool,90028.0,26.0,7.3,7.0,6.9,7.1,7.9,6.8,8.2,6.0,0,0,0,0,1,1,0,1,0,0,1,0,0,1,0,1,0,6.2
La Quinta Inn & Suites LAX,90045.0,4039.0,7.4,7.5,7.5,7.1,7.8,7.0,8.2,7.7,0,0,1,0,1,0,0,1,0,1,0,0,1,1,0,0,0,9.9
Highland Gardens Hotel,90028.0,775.0,7.0,6.4,6.6,6.5,7.3,6.3,7.7,8.6,0,0,0,1,1,0,0,1,0,0,1,0,0,1,0,1,0,6.2
Ramada by Wyndham Los Angeles/Downtown West,90006.0,1153.0,6.9,7.3,7.1,6.8,7.3,6.5,7.4,6.7,1,0,1,1,0,0,0,1,0,0,0,0,0,1,0,1,0,2.0
Hollywood Downtowner Inn,90028.0,1566.0,7.1,6.7,6.7,6.5,7.9,6.8,6.9,7.8,1,0,0,1,0,0,1,1,0,0,0,0,0,0,0,1,1,5.0
O Hotel,90017.0,934.0,7.5,7.8,7.3,7.2,8.0,6.7,7.5,8.3,0,0,1,0,0,0,0,1,0,0,0,0,1,1,0,0,0,1.1
Hotel Hwood Near the Sunset Strip,90028.0,743.0,7.5,7.6,7.3,6.8,7.6,7.2,7.8,8.6,0,1,0,0,1,0,0,1,0,0,0,0,0,1,0,0,0,6.2
Penthouse Los Angeles Convention Resort Suite Pool,90015.0,24.0,7.7,8.1,8.2,8.2,7.0,7.0,8.8,7.5,1,0,0,0,0,0,0,1,0,0,1,0,0,1,1,1,0,1.5
Luxury Private 2 bedroom Condo,90036.0,13.0,7.4,7.3,7.7,6.5,7.5,7.1,8.5,4.0,1,0,0,1,0,0,0,1,0,0,1,0,0,1,0,1,0,6.2
Hollywood Inn Express North,90027.0,1243.0,7.2,7.3,7.1,6.8,7.2,7.1,6.9,7.5,1,0,0,1,0,0,0,1,0,0,0,0,0,1,0,1,0,4.3
Hollywood and Sunset Furnished Apartments,90028.0,64.0,8.4,8.1,8.5,8.5,8.0,8.1,9.5,9.2,1,0,0,1,0,0,0,1,0,0,1,0,0,1,0,1,0,6.2
Step to the beach,90292.0,6.0,6.2,6.7,5.4,6.3,6.3,4.6,7.9,1.0,1,0,0,1,0,0,0,1,0,0,1,0,0,1,0,1,0,13.0
Dunes Inn - Wilshire,90010.0,449.0,7.3,7.6,7.1,6.9,7.2,7.0,7.2,7.8,1,0,0,1,0,0,0,1,0,0,0,1,0,1,0,1,0,4.3
Chic Hollywood home - central to everything,90038.0,5.0,8.1,9.0,9.0,6.5,6.5,8.5,9.0,2.0,1,0,0,1,0,0,1,1,0,0,0,0,0,0,0,0,0,4.3
Corporate Suites in Downtown LA near Staples Center,90015.0,126.0,7.2,7.2,7.5,7.3,6.7,6.8,8.9,7.8,1,0,0,1,0,0,0,1,0,0,1,0,0,1,0,1,0,1.3
Hollywood Blvd Walk of Fame Apartment,90028.0,9.0,7.5,7.5,7.5,7.8,6.1,7.0,8.9,2.0,1,0,1,0,0,0,0,1,1,0,0,1,0,1,0,0,0,6.2
Ocean Suites - Coral,90405.0,36.0,8.5,8.4,8.3,8.2,8.7,8.1,9.5,9.5,1,0,0,0,0,0,0,1,0,0,0,0,0,1,0,0,0,14.3
Studio City Courtyard Hotel,91604.0,1021.0,7.2,7.1,7.0,6.7,7.8,6.8,7.9,7.8,0,0,0,1,1,0,0,1,0,0,1,0,0,1,0,1,0,11.2
Hotel Solaire Los Angeles,90017.0,1592.0,7.0,7.1,7.0,6.8,8.0,6.7,7.9,6.3,0,1,0,1,1,0,0,1,0,0,0,0,0,1,0,1,0,1.7
Private Hollywood 4Br Villa at Melrose,90036.0,7.0,7.8,7.2,7.9,7.5,8.2,7.9,7.9,4.0,1,0,0,1,0,0,0,1,0,1,0,0,0,1,0,0,0,5.6
Hollywood Inn Express South,90026.0,2061.0,6.2,6.5,6.3,5.9,6.5,6.0,6.2,6.3,1,0,0,1,0,0,0,1,0,0,1,0,0,1,0,1,0,1.9
Sunburst Spa & Suites Motel,90230.0,320.0,7.2,7.3,7.2,6.8,7.5,6.7,7.5,7.5,1,0,0,1,0,0,1,1,0,0,0,0,0,1,0,0,1,9.9
Popular Hollywood Blvd Premier Suite,90028.0,6.0,6.7,7.1,6.7,6.3,6.7,6.7,7.1,1.0,1,0,1,0,0,0,0,1,0,0,1,0,0,1,0,1,0,5.6
Downtown LA Gorgeous Resort Style Suite,90017.0,29.0,7.3,6.8,7.3,6.9,7.4,7.1,10.0,8.2,1,0,0,1,0,0,0,1,0,0,1,0,0,1,0,1,0,1.2
Fully furnished apartment in la close to Beverly Hills,90035.0,87.0,7.2,7.0,7.1,7.1,7.1,7.2,7.2,7.9,1,0,0,1,0,0,1,1,1,0,0,0,0,1,0,0,0,7.5
Luxury Downtown Vacation Home with Parking,90017.0,6.0,9.7,10.0,10.0,10.0,9.6,9.6,9.2,5.0,1,0,0,0,0,1,0,1,0,0,1,0,0,1,0,1,0,1.2
Westwood Two Bedroom #2,90024.0,21.0,9.3,9.4,9.2,9.2,9.7,8.6,9.0,9.5,1,0,0,1,0,1,0,1,0,0,0,0,0,1,0,1,0,11.2
Ocean Park Hotel,90405.0,1965.0,7.4,7.8,6.8,6.7,8.5,7.0,7.8,7.6,1,0,0,0,0,0,0,1,1,0,0,0,0,1,0,0,0,11.8
Modern 3 bedrooms 2 bathrooms Mid City,90006.0,5.0,7.9,8.5,8.5,8.5,8.0,7.0,7.0,1.0,1,0,0,1,0,0,1,1,0,0,0,0,0,1,0,0,0,3.1
Downtown LA City View Suite,90017.0,13.0,7.8,7.9,7.7,7.9,7.5,7.7,10.0,7.9,1,0,1,0,0,0,0,1,0,0,1,0,0,1,0,1,0,1.2
Gateway Hotel Santa Monica,90404.0,1178.0,8.2,8.7,8.3,7.9,8.7,7.6,8.7,8.0,0,1,1,0,1,0,0,1,0,0,0,1,0,1,0,0,0,13.7
Hollywood Walk of Fame Furnished Apartments,90028.0,52.0,7.0,6.6,7.0,6.6,6.6,6.5,9.3,8.4,1,0,0,1,0,0,0,1,0,0,1,0,0,1,0,1,0,5.6
Luxury Studio Next to LA Live,90015.0,7.0,6.1,6.8,6.8,6.4,4.7,4.3,10.0,7.5,1,0,0,0,0,0,0,1,0,1,1,0,0,1,0,1,0,1.3
Avalon Hotel Beverly Hills,90212.0,233.0,7.7,8.0,7.7,7.4,8.2,6.7,8.6,8.3,0,0,0,1,1,0,0,1,0,1,0,0,1,1,0,1,0,8.7
Loews Santa Monica Beach Hotel,90401.0,950.0,8.6,9.0,8.9,8.7,8.5,7.1,8.2,9.3,0,0,0,1,1,0,0,1,0,0,1,0,1,1,0,1,0,14.3
Ginosi Metropolitan Apartel,90028.0,96.0,8.1,8.0,8.2,8.0,8.2,7.6,8.5,8.4,0,0,1,1,1,0,0,1,0,1,0,0,0,1,0,0,0,5.0
Holiday Inn Los Angeles - LAX Airport,90045.0,1352.0,7.0,7.2,7.2,6.7,7.4,6.3,7.1,7.4,0,0,1,0,1,0,0,1,0,0,0,0,1,1,0,1,0,9.9
Chateau Marmont,90046.0,355.0,8.7,9.0,8.9,8.7,8.8,7.5,8.8,9.3,0,0,0,0,1,0,0,1,0,1,1,0,1,0,0,1,0,7.5
Walk of Fame Apartment in Hollywood,90028.0,44.0,7.6,7.3,7.1,7.6,6.9,7.5,8.3,9.2,1,0,1,0,0,0,0,1,0,0,1,1,0,0,0,1,0,6.2
Fabulous Walk of Fame Apartment in Hollywood,90028.0,46.0,7.7,7.5,7.5,7.4,7.5,7.1,9.4,9.1,1,0,1,0,0,0,0,1,0,0,1,0,0,1,0,1,0,6.2
Walk of Fame Suite in Hollywood,90028.0,8.0,6.3,6.0,6.6,5.6,5.6,5.6,8.1,1.0,1,0,1,0,0,0,0,1,0,0,1,0,0,1,0,1,0,5.6
Jamaica Bay Inn,90292.0,191.0,8.5,9.0,8.7,8.4,8.6,7.2,9.2,9.0,0,0,0,1,1,0,0,1,0,0,1,0,1,1,0,1,0,13.0
The Mayfair Hotel,90017.0,1621.0,6.9,7.2,7.0,6.3,7.5,6.5,8.0,6.7,0,1,0,0,1,0,0,1,0,0,0,0,0,1,0,0,1,1.4
Hollywood Bed & Breakfast,90046.0,115.0,9.2,9.6,9.2,9.1,9.6,8.6,9.2,9.3,1,0,0,1,0,0,0,1,0,0,1,0,0,1,0,1,0,7.5
Shutters On The Beach,90405.0,464.0,8.8,9.3,9.1,8.8,8.9,7.2,9.4,8.6,0,0,0,0,1,0,0,0,0,1,0,0,1,1,0,1,0,14.3
Noon on Sunset Hill,90026.0,37.0,8.4,8.8,8.9,8.6,7.6,8.2,9.5,8.4,0,0,0,0,0,0,1,1,1,0,0,0,0,1,0,0,0,1.7
Ocean Suites - Sail,90405.0,20.0,9.4,9.8,9.0,9.4,9.4,8.8,8.8,9.9,1,0,0,0,0,0,0,1,0,0,0,0,0,1,0,0,0,14.3
Fully Furnished Apt in LA Downtown,90010.0,52.0,7.9,8.0,8.4,7.8,7.3,7.5,8.8,8.3,1,0,0,1,0,0,0,1,0,0,1,0,0,1,0,1,0,2.9
Hollywood 6 Beds Superstar Pool,90028.0,30.0,7.8,7.3,7.7,7.9,7.8,7.3,9.4,8.6,0,1,0,0,1,0,0,1,0,0,1,0,0,1,0,1,0,5.6
Miyako Hotel Los Angeles,90012.0,783.0,8.3,8.7,8.6,8.1,8.8,7.5,8.5,8.4,0,1,0,0,1,0,0,1,0,0,0,0,1,1,0,0,0,1300.0
Best Western Airport Plaza Inn,90302.0,849.0,7.5,7.8,7.5,7.2,8.1,7.2,8.4,7.2,0,1,0,1,1,0,0,1,0,0,0,0,0,1,0,0,0,8.7
Hollywood Celebrity Hotel,90028.0,1715.0,8.7,8.8,8.3,8.2,9.3,8.0,8.3,9.5,0,1,0,1,1,1,0,1,0,0,0,0,0,1,0,0,0,6.2
Hollywood Orchid Suites,90028.0,687.0,9.0,9.0,8.9,8.7,9.4,8.6,7.9,9.6,0,1,0,1,1,0,0,1,0,0,0,0,0,1,0,1,0,6.2
Ocean Suites - Sand,90405.0,17.0,8.5,8.2,8.1,8.2,8.7,8.0,7.5,9.9,1,0,0,0,0,0,0,1,0,0,0,0,0,1,0,0,0,14.3
Villa Brasil Motel,90066.0,34.0,9.2,9.3,9.1,9.0,9.5,9.0,8.5,9.1,1,0,0,0,0,0,0,1,0,1,0,0,1,1,0,0,0,10.6
Venice Beach Suites & Hotel,90291.0,347.0,8.2,8.2,7.8,7.7,9.2,7.1,9.1,9.0,0,0,0,0,1,0,0,1,1,0,0,0,0,1,1,0,0,13.7
Hollywood Loft,90028.0,17.0,8.0,8.4,8.4,8.0,7.5,7.1,10.0,8.5,1,0,0,1,0,0,0,1,0,0,1,0,0,1,0,1,0,6.2
Ocean Suites - Ocean,90405.0,11.0,8.3,8.4,7.7,8.9,8.9,7.1,9.1,6.0,1,0,0,0,0,0,0,1,0,0,0,0,0,1,0,0,0,14.3
Downtown LA Superb 5 Beds 2 BR Pool,90017.0,10.0,7.9,8.5,8.3,8.0,7.5,7.5,5.0,7.5,0,1,1,0,1,0,0,1,0,0,1,0,0,0,0,1,0,1.3
Hollywood Bellucci Apartment,90028.0,57.0,8.0,8.1,8.1,8.0,7.9,7.8,10.0,8.4,0,0,1,1,1,0,0,1,0,1,0,0,0,1,0,0,0,5.0
Ocean Style Studio Venice Beach,90292.0,6.0,7.7,7.5,7.5,7.9,8.3,6.7,10.0,8.3,1,0,1,0,0,0,0,1,0,0,1,0,0,1,0,1,0,13.0
Travelodge by Wyndham Santa Monica,90405.0,1440.0,8.0,8.5,8.0,7.9,8.7,7.4,8.4,7.8,1,0,0,1,0,0,0,1,0,0,0,1,0,1,0,0,1,11.8
Westwood Two Bedroom #1,90024.0,12.0,9.3,9.6,9.6,9.2,9.4,8.3,10.0,9.8,1,0,0,1,0,1,0,1,0,0,1,0,0,0,0,1,0,11.2
Ocean Suites - Sunset,90405.0,23.0,9.0,8.8,9.0,8.8,9.3,8.2,8.3,9.7,1,0,0,0,0,0,0,1,0,0,0,0,0,1,0,0,0,14.3
Ocean Suites - Shell,90405.0,16.0,8.9,8.6,8.9,8.8,8.8,8.6,9.7,8.6,1,0,0,0,0,0,0,1,0,0,0,0,0,1,0,0,0,14.3
The Kinney - Venice Beach,90292.0,915.0,8.6,9.1,9.0,8.5,8.9,7.9,8.2,8.4,0,0,0,1,1,0,0,0,0,0,1,0,0,1,0,1,0,12.4
Amazing Apartment in Santa Monica,90025.0,27.0,7.4,7.2,7.5,7.1,7.7,6.7,10.0,8.1,1,0,0,0,0,1,0,1,0,0,1,0,0,1,0,1,0,12.4
Boutique Citrus Apartments,90028.0,11.0,9.1,9.3,9.1,8.9,9.1,9.1,10.0,9.3,1,0,0,0,0,0,1,1,0,0,0,0,0,1,0,0,0,6.2
Bayside Hotel,90405.0,1387.0,7.9,8.1,7.9,7.4,8.0,6.9,7.9,9.1,0,0,0,1,1,0,0,1,0,1,0,0,0,1,0,0,0,14.3
Downtown Victorian PH 6Beds W Pools,90017.0,23.0,7.0,7.3,7.5,6.6,6.5,6.5,9.2,7.5,0,1,0,0,1,0,0,1,0,0,1,0,0,1,0,1,0,1.2
Venice House on the Canals,90291.0,11.0,8.5,7.3,9.1,8.0,8.3,8.4,10.0,9.8,1,0,0,0,0,0,1,1,0,0,0,0,0,0,1,0,0,13.0
Hilgard House Westwood Village,90024.0,353.0,8.2,8.2,8.2,7.6,8.7,7.5,8.4,9.1,0,1,0,0,1,0,0,1,1,0,0,0,0,1,0,0,1,11.2
West Hollywood Studio,90069.0,9.0,9.2,9.7,9.1,10.0,9.2,8.5,8.8,7.0,1,0,0,0,0,0,0,1,1,0,0,0,0,1,1,0,0,8.1
Best Western Royal Palace Inn & Suites,90064.0,373.0,8.0,8.3,8.1,7.8,8.6,7.5,8.3,7.9,0,0,0,1,1,0,0,1,0,0,1,0,0,1,0,1,0,10.6
Downtown Venus Apartment,90017.0,67.0,8.4,8.8,8.7,8.6,8.0,8.0,9.1,8.3,0,0,0,1,1,0,0,1,0,0,1,0,0,1,0,1,0,1.2
Marina del Rey Hotel,90292.0,342.0,8.6,9.2,9.0,8.6,8.6,7.7,8.8,8.8,0,1,0,0,1,0,0,1,0,0,0,0,1,1,0,1,0,12.4
The Willow,90038.0,264.0,8.0,8.4,8.0,8.1,7.7,7.8,8.8,8.3,1,0,0,1,0,0,0,1,1,0,0,0,0,1,1,0,0,5.0
"Sunset Strip 1-Bedroom with Balcony, Pool and Views",90046.0,6.0,9.9,10.0,10.0,10.0,9.6,9.6,10.0,6.0,1,0,1,0,0,1,0,1,0,0,0,0,0,1,0,1,0,7.5
Contemporary Apartment in Downtown LA,90015.0,16.0,7.0,6.7,7.3,7.3,7.0,6.8,6.3,7.0,0,0,1,0,1,0,0,1,0,0,1,0,0,1,0,1,0,1.5
Garden Cottage B&B,90048.0,37.0,9.7,9.7,9.6,9.7,9.9,9.3,10.0,9.8,1,0,0,1,0,0,0,1,0,0,0,0,0,1,0,0,0,6.8
NEW! LUXURY SUITE with Parking!,90017.0,6.0,9.0,8.8,8.8,9.2,9.2,8.8,9.2,3.0,1,0,1,0,0,0,0,1,0,0,1,0,0,1,0,1,0,1.1
El Royale Hotel - Near Universal Studios Hollywood,91604.0,1022.0,9.1,9.3,9.0,8.7,9.6,8.6,9.0,9.2,1,0,0,1,0,0,1,1,0,0,0,0,0,1,0,0,0,9.3
Clean and Nice Single Room,90037.0,5.0,9.3,9.0,9.5,9.0,9.5,9.5,9.5,4.0,0,1,0,1,1,1,0,1,0,0,0,0,0,1,0,0,0,3.7
Urban Downtown LA Floor To Ceiling Penthouse,90015.0,9.0,7.5,7.0,7.8,7.8,7.0,7.2,10.0,8.1,0,0,1,0,1,0,0,1,0,0,1,0,0,1,0,1,0,1.3
36 Story Amazing View Penthouse,90015.0,7.0,9.3,9.2,9.2,9.6,8.2,9.6,5.0,10.0,1,0,1,0,0,0,0,1,0,0,1,0,0,1,0,1,0,1.1
Ocean Suites - Pier,90405.0,19.0,8.3,8.7,8.4,7.9,7.9,7.8,8.8,9.0,1,0,0,0,0,0,0,1,0,0,0,0,0,1,0,0,0,14.3
Elaine's Hollywood Bed & Breakfast,90046.0,288.0,9.1,9.1,9.0,8.9,9.4,8.8,9.6,9.6,1,0,0,1,0,0,0,1,0,1,0,0,0,1,1,0,0,6.8
Audrey House,90020.0,18.0,9.0,8.6,9.3,9.0,9.5,8.9,10.0,8.9,1,0,0,1,0,0,0,1,0,0,1,0,0,1,0,1,0,2.9
Amazing Apartment Hollywood Blvd 2bd/bth,90028.0,14.0,9.0,9.3,9.5,8.8,8.6,8.9,10.0,8.9,1,0,0,0,0,0,1,1,0,0,0,0,0,0,0,0,0,5.0
Downtown LA 5bed Royal Penthouse,90017.0,9.0,8.9,8.9,9.5,9.5,7.8,8.9,8.6,6.0,0,1,1,0,1,0,0,1,0,0,1,0,0,0,0,1,0,1.3
"Luxury, Hollywood Modern",90028.0,12.0,9.4,9.4,9.6,9.4,9.4,9.0,9.6,10.0,1,0,1,0,0,0,0,1,0,0,1,0,0,0,0,1,0,5.6
Royal Palace Westwood Hotel,90024.0,475.0,8.3,8.4,8.4,7.9,8.2,7.8,8.1,9.0,1,0,0,1,0,0,0,1,0,0,0,1,0,1,0,0,1,11.2
Downtown LA Elegant 2BR Pool Suite,90017.0,19.0,8.1,8.2,8.4,8.4,8.2,7.8,9.2,7.9,0,1,1,0,1,0,0,1,0,0,1,0,0,0,0,1,0,1.3
The Culver Hotel,90232.0,125.0,8.9,9.2,9.0,8.8,9.0,8.1,9.0,9.2,0,0,1,1,1,1,0,1,0,0,0,0,1,1,0,0,0,8.7
Freehand Los Angeles,90014.0,2691.0,8.6,8.9,8.4,8.5,8.8,8.1,8.8,8.8,0,0,0,1,1,0,0,1,0,1,0,0,1,1,0,1,0,0.9
Sea Blue Hotel,90401.0,1488.0,7.9,7.7,7.6,7.1,8.5,6.9,7.6,9.3,0,0,0,1,1,0,0,1,0,1,0,0,0,1,0,0,0,14.3
Ocean View Hotel,90401.0,857.0,8.1,8.5,8.1,7.6,8.5,6.7,7.8,9.2,0,1,0,1,1,0,0,1,0,0,0,0,0,1,0,0,0,14.3
Comforting Hollywood Getaway,90027.0,11.0,8.8,8.0,8.9,8.6,9.6,8.9,9.1,7.0,1,0,0,1,0,0,1,1,1,0,0,0,0,1,0,0,0,5.0
Popular Private luxury Room in shared apartment in Hollywood,90028.0,14.0,7.4,7.0,7.5,7.5,7.0,6.8,10.0,8.6,1,0,1,0,0,0,0,1,0,0,0,1,0,1,0,0,0,6.2
"HUGE AND STYLISH 2 BDR APARTMENT, BEST LOCATION IN LA",90036.0,5.0,8.7,8.0,9.5,9.0,7.5,8.5,9.5,2.0,1,0,0,0,0,0,1,1,0,0,0,0,0,1,0,0,0,6.2
Desert Heaven - Guest House,91604.0,173.0,9.8,9.9,9.9,9.8,9.9,9.7,9.9,9.7,1,0,0,0,0,0,1,1,0,0,0,0,0,1,0,0,0,9.9
Melorese PH Loft,90048.0,6.0,9.0,9.2,9.6,8.8,9.2,7.9,9.6,4.0,1,0,0,0,0,0,0,1,0,0,0,0,0,0,0,0,0,7.5
Hollywood Olivia Apartment,90028.0,26.0,8.0,8.0,8.1,7.9,8.4,7.0,8.0,8.4,0,0,1,1,1,0,0,1,0,1,0,0,0,1,0,0,0,5.0
Hollywood Loft Oasis,90028.0,36.0,9.3,9.3,9.1,9.2,9.5,8.8,9.5,9.8,0,1,0,0,1,0,1,1,0,0,0,0,0,1,0,0,0,6.2
"Luxury, Hollywood Experience",90028.0,12.0,9.6,9.6,9.4,10.0,9.8,8.8,10.0,8.6,1,0,0,1,0,0,0,1,0,0,1,0,0,1,0,1,0,5.6
Venice Beach House,90291.0,552.0,8.9,9.3,8.9,8.5,9.3,8.1,8.0,9.6,0,1,0,0,1,0,0,1,0,0,0,0,0,1,1,0,0,13.7
Los Angeles RoomRentals Harvard Heights,90006.0,16.0,8.7,9.1,8.9,9.1,8.0,9.1,8.1,8.0,0,0,0,0,0,0,1,1,0,0,0,0,0,1,0,0,0,3.1
Four Points by Sheraton Los Angeles Westside,90028.0,376.0,8.1,8.5,8.3,8.1,8.1,7.5,8.5,8.1,0,0,0,0,1,0,0,1,0,1,1,0,1,1,0,1,0,9.3
Wilshire Motel,90025.0,84.0,8.3,8.5,7.8,7.7,8.8,8.1,8.6,8.6,1,0,0,1,0,0,1,1,0,0,0,0,0,1,0,0,0,12.4
Inn at Venice Beach,90291.0,530.0,8.4,8.8,8.4,8.0,8.9,7.2,8.9,9.0,0,1,0,0,1,0,0,1,0,0,0,1,0,1,0,0,1,13.0
Los Angeles 3 Bed Ace Pool Suite,90017.0,10.0,9.0,9.5,8.8,9.3,9.5,8.3,10.0,8.9,0,1,1,0,1,0,0,1,0,0,1,0,0,0,0,1,0,1.3
HI Los Angeles - Santa Monica Hostel,90401.0,2968.0,8.5,8.4,7.9,8.4,8.7,8.1,8.6,9.5,0,0,0,0,0,0,0,1,1,0,0,1,0,1,0,0,1,14.3
Ultimate LA Vacation Hideaway w/ Private Pool,90036.0,5.0,8.8,9.5,8.5,8.5,9.5,7.0,9.5,3.0,1,0,0,1,0,1,0,1,0,0,1,0,0,0,0,1,0,5.6
Su Casa at Venice Beach,90291.0,573.0,8.1,8.1,8.0,7.8,8.5,7.4,8.3,8.7,0,0,0,1,1,0,0,1,0,1,0,0,0,1,0,0,0,13.7
Downtown LA 1-Bedroom with Views,90015.0,15.0,8.8,9.3,8.8,8.8,8.8,8.2,10.0,9.0,1,0,1,0,0,1,0,1,0,0,0,0,0,1,0,1,0,1.1
USA Hostels Hollywood,90028.0,1707.0,8.5,8.5,8.1,8.5,8.7,8.2,8.9,8.8,0,0,0,0,0,0,0,1,1,0,0,0,0,1,0,0,1,5.6
Beautiful Sunset in Santa Monica Beach *4,90401.0,7.0,8.7,8.9,8.9,8.9,7.9,8.2,9.3,4.0,1,0,0,1,0,0,1,1,0,0,0,0,0,1,1,0,0,14.3
Downtown LA Modern Home Staples Center,90015.0,9.0,8.6,9.5,8.1,8.3,8.3,7.8,7.5,9.7,1,0,0,1,0,0,1,1,0,0,0,0,0,1,0,0,0,1.2
PodShare Venice,90291.0,325.0,8.4,8.3,8.3,8.3,8.6,8.1,8.9,9.0,1,0,0,0,0,0,1,1,0,0,0,0,0,0,1,0,0,13.0
Tiverton Apartment Lofts,90024.0,5.0,9.8,10.0,10.0,10.0,9.5,9.0,10.0,5.0,1,0,1,0,0,0,1,1,0,0,0,0,0,1,0,0,0,11.2
Hollywood Tower Apartel,90028.0,24.0,8.1,8.1,8.2,7.6,7.9,8.2,10.0,8.5,0,1,1,0,1,0,0,1,0,1,0,0,0,1,0,0,0,5.0
Spotless Apartment in Santa Monica Beach 3,90401.0,10.0,8.9,9.5,9.3,9.3,8.3,8.3,8.8,7.0,1,0,0,1,0,0,1,1,0,0,0,0,0,1,1,0,0,14.3
Sunset Hilltop,90026.0,6.0,8.8,8.3,8.8,8.3,9.2,8.8,9.2,3.0,1,0,0,0,0,0,0,1,0,0,0,0,0,1,0,0,0,2.4
FANTASTIC HOUSE IN SANTA MONICA BEACH 10,90401.0,9.0,8.8,9.2,9.2,8.9,8.9,7.5,9.2,7.0,1,0,0,1,0,0,0,1,0,0,0,0,0,1,1,0,0,14.3
Perfect Chill in Hollywood,90028.0,8.0,7.8,8.1,7.8,7.5,7.8,7.5,8.1,4.0,1,0,1,0,0,0,0,1,0,0,1,0,0,1,0,1,0,5.6
Mama Shelter Los Angeles,90028.0,763.0,8.7,9.1,8.7,8.6,9.1,7.8,9.0,8.8,0,1,0,0,1,0,0,1,0,1,0,0,1,1,0,0,0,5.6
Magic Castle Hotel,90028.0,435.0,9.0,8.8,8.7,8.7,9.8,8.6,8.9,9.6,0,1,0,1,1,0,0,1,0,0,0,0,0,1,0,1,0,6.2
Farmer's Daughter Hotel,90036.0,569.0,8.7,9.0,8.7,8.6,8.9,7.6,8.5,9.3,0,1,0,0,1,0,0,1,0,0,0,0,1,1,0,1,0,6.8
Crescent Hotel,90210.0,319.0,8.4,8.7,7.9,7.8,9.0,7.7,7.8,9.4,0,0,0,0,1,0,0,0,1,1,0,0,1,1,0,0,0,8.7
Hollywood Walk of Fame!,90028.0,85.0,8.2,7.9,7.8,7.7,8.9,7.9,7.2,9.0,1,0,0,0,0,1,1,1,1,0,0,0,0,1,0,0,0,6.2
Bel Air Luxury Living,90049.0,10.0,8.8,9.5,8.8,9.0,7.5,8.8,8.9,4.0,1,0,1,0,0,0,0,1,0,0,0,0,0,1,0,0,0,12.4
24 Hours Motel,90043.0,8.0,7.9,8.1,8.5,8.1,8.1,8.6,6.3,3.0,1,0,0,0,0,0,0,1,0,0,0,1,0,1,0,0,1,6.2
BRILLIANT HOME IN SANTA MONICA BEACH *23,90401.0,10.0,9.3,9.3,9.3,9.5,9.5,8.8,7.5,9.3,1,0,0,1,0,0,0,1,0,0,0,0,0,1,1,0,0,14.3
Boutique Hollywood,90027.0,92.0,8.4,8.6,8.6,8.7,7.7,8.5,6.5,8.4,1,0,0,1,0,0,1,1,0,0,1,0,0,0,0,1,0,4.3
The Deluxe Oasis Apartment,90028.0,13.0,9.5,9.4,9.8,10.0,10.0,9.4,10.0,8.5,0,1,0,0,1,0,1,1,0,0,0,0,0,1,0,0,0,5.0
Premier Suites,90012.0,15.0,9.0,9.8,9.7,9.3,8.5,8.2,7.5,8.5,0,0,1,0,1,0,0,1,0,0,1,0,0,1,0,1,0,800.0
Hollywood Sign View 5,90028.0,53.0,8.5,8.0,8.6,8.7,8.1,8.7,9.5,8.6,1,0,0,1,0,0,0,1,0,1,0,0,0,1,1,0,0,5.0
VE Venice Guest House,90291.0,8.0,9.2,9.4,9.1,9.7,9.4,8.8,10.0,8.8,0,0,0,0,1,0,0,0,0,0,0,0,0,1,0,0,0,12.4
Best Western Burbank Airport Inn,91605.0,553.0,8.3,8.7,8.6,8.3,8.8,8.2,8.7,7.1,1,0,1,1,0,0,0,1,0,0,0,0,0,1,0,0,1,13.0
Double Suite in Santa Monica,90403.0,7.0,10.0,10.0,10.0,10.0,10.0,9.7,10.0,7.0,1,0,0,1,0,0,1,1,0,0,0,0,0,1,1,0,0,13.7
Orange Drive Hostel,90028.0,412.0,8.5,8.6,8.0,8.0,9.0,8.2,8.3,9.4,0,0,0,0,1,0,1,1,0,0,0,0,0,0,0,0,1,6.2
Palihouse Santa Monica,90403.0,221.0,8.8,9.1,9.0,8.5,9.0,7.8,8.8,9.3,0,0,0,0,1,0,0,1,0,1,0,0,0,1,0,0,0,14.9
Super 8 by Wyndham Los Angeles-Culver City Area,90066.0,498.0,8.3,8.8,8.5,8.3,8.5,7.8,8.6,8.1,1,0,0,1,0,0,0,1,0,0,0,1,0,1,0,1,0,11.2
"Gorgeous Bungalow walk to Universal Studios, Hollywood",90068.0,40.0,9.5,9.7,9.4,9.5,9.5,9.5,10.0,9.8,1,0,0,0,0,0,1,1,0,0,0,0,0,1,0,0,0,8.7
Ambrose Hotel,90404.0,381.0,8.6,9.2,8.9,8.5,8.8,7.5,8.6,8.3,0,1,1,1,1,0,0,1,0,0,0,0,0,1,0,0,0,13.7
Dresden B & B,90046.0,72.0,9.2,9.5,9.1,9.0,9.7,8.7,9.6,9.5,1,0,0,0,0,0,0,1,0,0,1,0,0,1,1,1,0,6.8
Sheraton Grand Los Angeles,90017.0,700.0,8.5,8.9,8.9,8.6,8.5,7.5,5.9,8.8,0,1,0,0,1,0,0,0,0,1,0,0,1,1,0,0,0,0.9
Hollywood 4Beds Los Angeles #1 Pool,90028.0,39.0,8.2,8.1,8.2,8.2,8.0,7.7,8.1,8.9,0,1,0,0,1,0,0,1,0,0,1,0,0,1,0,1,0,5.6
Location For Vacation Hollywood Luxury Apartment,90027.0,111.0,8.8,9.0,8.9,8.9,9.2,8.5,9.2,8.5,1,0,0,0,0,0,1,1,0,1,0,0,0,1,0,0,0,4.3
Inn at Playa del Rey,90293.0,148.0,9.2,9.4,9.4,9.3,9.7,8.4,8.8,8.8,1,0,0,1,0,0,0,1,0,0,0,0,0,1,1,0,0,13.0
Downtown LA Live Suites,90017.0,118.0,7.7,7.7,7.7,8.0,7.6,7.3,8.8,7.7,0,0,0,1,1,0,0,1,0,1,0,0,0,1,0,1,0,1.1
Upscale 2Bed 2Bath & Gated Parking,90038.0,26.0,8.9,8.9,8.9,9.1,9.3,8.3,10.0,9.0,1,0,1,0,0,0,0,1,1,0,0,0,0,1,1,0,0,5.6
Apartment North Mansfield Ave,90028.0,128.0,8.4,8.3,8.4,8.2,8.5,8.0,8.5,9.1,0,1,0,1,1,0,0,1,0,0,0,0,1,0,0,0,0,6.2
Luxury Suite in The Heart of Hollywood,90046.0,8.0,9.1,9.7,9.4,9.1,8.8,8.8,9.1,6.0,1,0,1,0,0,0,0,1,0,0,1,0,0,1,0,1,0,6.8
Best Western Plus Dragon Gate Inn,90012.0,565.0,8.0,8.5,8.1,7.9,8.3,7.5,7.9,7.8,0,1,1,0,1,0,0,1,0,1,0,0,0,1,0,0,0,0.8
Grand Suites,90012.0,13.0,9.3,9.2,9.8,9.8,9.6,8.5,10.0,8.7,0,0,0,1,1,0,0,1,0,0,1,0,0,1,0,1,0,1000.0
The Rose Hotel,90291.0,270.0,8.9,9.4,8.6,8.5,9.6,7.8,9.2,9.6,0,0,0,0,0,0,1,1,0,0,0,0,0,1,0,0,0,13.7
NEW Apartment near Staples Center,90017.0,16.0,8.8,8.9,9.1,8.6,8.8,8.8,10.0,8.8,1,0,1,0,0,0,0,1,0,0,0,0,0,1,0,1,0,1.1
Popular Studio luxury Private apartment in Downtown Los Angeles,90014.0,6.0,8.3,9.2,8.3,8.3,8.8,7.9,7.5,4.0,0,0,1,1,0,0,0,1,0,0,1,0,0,1,0,1,0,0.8
Arroyo Vista Inn,91030.0,63.0,8.9,9.0,9.1,8.6,8.9,8.6,9.2,9.0,1,0,0,0,0,0,1,1,0,0,0,0,0,1,0,0,0,5.6
Private Bedroom with Bathroom in Shared 2 Bedroom Apartment,90292.0,18.0,9.0,9.0,9.2,9.2,9.5,8.1,8.8,8.9,1,0,1,0,0,0,0,1,0,0,1,0,0,1,0,1,0,11.8
The Garland,91602.0,638.0,8.7,9.1,8.9,8.8,8.8,7.7,8.3,8.7,0,0,0,1,1,0,0,1,0,0,1,0,1,1,0,1,0,9.3
The Hollywood Style Apartment,90028.0,17.0,8.3,8.1,7.8,8.4,8.8,7.8,5.0,9.0,0,0,0,0,1,0,1,1,0,0,0,0,0,1,0,0,0,5.6
Omni Los Angeles Hotel California Plaza,90012.0,463.0,8.6,9.0,8.9,8.7,8.8,7.6,5.2,8.6,0,0,0,0,1,0,0,0,0,1,1,0,0,1,0,1,0,2150.0
Hostel California,90028.0,67.0,8.5,8.4,8.4,8.5,8.1,8.3,6.7,9.2,0,1,0,0,1,0,0,1,0,0,0,0,0,1,1,0,0,5.6
Holiday Inn Express West Los Angeles,90025.0,96.0,8.1,8.6,8.3,7.7,8.9,7.1,8.4,7.8,0,1,1,0,1,0,0,1,0,0,0,1,1,1,0,0,0,11.2
Mosaic Hotel,90212.0,98.0,8.4,8.7,8.4,8.2,8.6,7.4,8.7,8.9,0,0,0,1,1,0,0,1,0,0,1,0,1,1,0,1,0,9.3
Popular Downtown LA Platinum Resort Style Suite,90012.0,17.0,8.1,7.7,8.4,8.1,8.4,8.0,8.4,7.0,1,0,0,1,0,0,0,1,0,0,1,0,0,1,0,1,0,0.8
Carlyle Inn,90035.0,366.0,7.9,8.3,8.0,7.6,8.7,7.2,8.3,7.8,0,1,0,1,1,0,0,1,0,0,0,0,0,1,0,0,0,8.1
Encore Motel,90291.0,812.0,7.8,7.9,7.9,7.5,7.9,7.5,8.1,7.9,1,0,0,0,0,0,1,1,0,0,0,0,0,1,0,0,1,11.8
Hollywood Retreat,90028.0,6.0,9.2,9.6,9.2,8.8,9.2,9.2,9.2,4.0,0,1,0,0,1,0,1,1,0,0,0,0,0,1,0,0,0,5.0
Superior Suites,90012.0,9.0,8.5,8.3,8.3,8.9,8.1,8.3,9.2,3.0,0,0,0,1,1,0,0,1,0,0,1,0,0,1,0,1,0,1000.0
Knights Inn Los Angeles Central / Convention Center Area,90026.0,824.0,7.6,7.8,7.5,7.3,8.3,7.6,7.7,7.3,1,0,0,1,0,0,0,1,0,0,0,1,0,1,0,0,0,1.1
Heart of Hollywood,90028.0,11.0,8.2,8.6,8.0,7.7,8.6,7.1,7.5,8.9,1,0,0,1,0,0,0,1,1,0,0,0,0,1,0,0,0,6.2
Urban Downtown LA City View Penthouse,90015.0,5.0,8.5,8.5,8.5,8.5,8.5,8.5,8.5,4.0,0,1,0,1,1,0,0,1,0,0,0,1,0,1,0,0,0,1.3
The Palazzo Communities by Synergy,90036.0,13.0,7.9,8.5,7.9,7.9,7.5,7.1,10.0,8.7,1,0,1,0,0,0,0,1,0,1,0,0,0,1,0,1,0,6.2
Courtyard by Marriott Los Angeles LAX / Century Boulevard,90045.0,1330.0,8.2,8.6,8.4,8.0,8.4,7.5,8.4,8.5,0,1,0,0,1,0,0,1,0,0,0,0,0,1,0,0,0,11.2
Banana Bungalow,90028.0,700.0,7.9,7.5,7.3,7.8,8.1,7.9,7.6,8.5,0,1,0,0,1,1,0,1,0,0,0,0,0,1,0,0,1,5.0
Beverly Hills / Cedars Sinai,90048.0,11.0,8.0,7.3,8.0,7.7,8.5,7.5,8.3,8.9,1,0,1,1,0,1,0,1,0,0,0,0,0,1,0,0,0,7.5
Gorgeous and Renovated Apartment Near Hollywood Blvd,90028.0,10.0,8.0,7.8,8.0,8.0,8.5,7.8,7.8,4.0,1,0,0,0,0,0,1,1,0,0,0,0,0,1,0,0,0,5.6
Beverly Hills Spanish Apartment,90210.0,33.0,8.5,8.6,8.5,8.1,8.4,8.5,10.0,9.0,1,0,0,0,0,0,0,1,0,1,0,0,0,1,1,0,0,9.3
LA Villa close to Little Tokyo,90033.0,20.0,8.5,8.4,8.6,8.5,8.8,8.4,10.0,8.3,1,0,0,1,0,0,1,1,0,0,0,0,0,1,1,0,0,1.3
WeHo Bungalow with Private Garden,90046.0,16.0,9.7,9.7,10.0,10.0,10.0,9.1,10.0,9.5,1,0,0,0,0,0,1,1,0,0,0,0,0,1,0,0,0,6.2
Comfort Suites,90012.0,16.0,8.7,9.4,8.9,8.9,8.6,7.8,10.0,8.3,0,0,0,1,1,0,0,1,0,0,1,0,0,1,0,1,0,1000.0
Rodeway Inn Hollywood,90038.0,1099.0,7.9,8.1,8.1,7.5,8.1,7.7,8.4,7.8,0,1,0,0,1,0,0,1,0,0,0,0,0,0,0,1,0,5.0
Big & Beautiful 3Bedroom Apt in Marina Del Rey,90292.0,6.0,7.3,7.5,7.1,7.9,6.7,7.1,7.5,3.0,1,0,1,0,0,0,0,1,0,0,1,0,0,1,0,1,0,11.8
Westwood Apartment 409W,90024.0,5.0,8.6,8.5,9.0,8.5,9.0,8.5,8.0,2.0,1,0,0,0,0,0,0,1,0,0,0,0,0,0,0,0,0,11.2
East West Comfort: Downtown LA Inspiring Apartment,90012.0,5.0,8.8,9.0,8.0,9.5,9.0,7.5,9.5,3.0,1,0,0,1,0,0,0,1,0,0,1,0,0,1,0,1,0,0.8
Downtown Juno Apartment,90017.0,10.0,7.6,7.8,8.0,8.3,7.5,7.0,10.0,7.3,0,0,0,1,1,0,0,1,0,0,1,0,0,1,0,1,0,1.2
Wilshire Experience Apartment,90017.0,35.0,8.0,8.2,8.3,8.3,7.9,7.2,7.5,8.2,0,0,0,1,1,0,0,1,0,0,1,0,0,1,0,1,0,1.2
Palihouse West Hollywood,90069.0,86.0,8.7,8.7,8.8,8.7,8.6,8.2,9.0,8.9,0,1,0,0,1,0,0,1,0,1,0,0,1,1,0,0,0,7.5
Downtown LA 5 Beds Penthouse Pool,90017.0,7.0,7.9,8.2,8.2,8.6,7.2,6.8,8.2,3.0,0,0,1,0,1,0,0,1,0,0,1,0,0,1,0,1,0,1.3
Hollywood Hills Spanish,90068.0,16.0,9.0,9.4,9.4,9.1,8.1,8.6,9.7,10.0,1,0,0,0,0,0,1,1,0,1,0,0,0,1,0,0,0,6.2
Republic Inn / Hollywood,90028.0,28.0,9.4,9.5,9.0,9.4,9.6,9.5,10.0,9.3,0,0,0,0,0,0,0,1,0,0,0,0,0,1,1,0,0,5.0
Samesun Venice Beach,90291.0,1310.0,8.1,7.9,7.6,7.7,8.6,7.6,8.3,9.2,0,0,0,0,0,0,0,1,1,0,0,0,1,1,0,0,1,13.7
Elan Hotel,90048.0,229.0,8.8,9.3,8.8,8.6,9.1,8.1,9.1,8.7,0,1,0,0,1,0,0,1,0,0,0,1,0,1,0,0,0,7.5
Brentwood Inn,90049.0,30.0,8.7,9.2,9.0,8.5,9.4,7.9,10.0,8.5,1,0,0,0,0,0,0,1,0,0,0,0,0,1,0,0,1,13.0
"Luxury 2-Bedroom, 2-Bathroom w Pool",90028.0,43.0,8.7,8.8,8.8,8.7,8.3,8.4,10.0,9.0,1,0,1,1,0,1,0,1,0,0,0,0,0,0,0,1,0,5.6
Beverly Hills Guest House,90210.0,49.0,8.4,8.3,8.0,7.9,8.7,7.8,8.0,9.5,1,0,0,0,0,1,0,1,0,1,0,0,0,1,0,1,0,9.3
PodShare Los Feliz,90029.0,100.0,8.2,8.2,8.1,8.1,8.7,7.8,9.1,8.0,0,0,0,0,0,0,1,1,1,0,0,0,0,0,0,0,0,3.7
Ginosi Downtown Apartel,90017.0,79.0,7.7,8.1,8.0,7.9,7.1,7.3,9.0,7.9,0,0,0,0,1,0,0,1,0,1,1,0,0,1,0,1,0,1.1
Living the Dream in Hollywood,90028.0,11.0,8.2,7.1,8.6,8.2,8.0,8.2,7.5,9.3,1,0,1,0,0,0,0,1,0,0,1,0,0,1,0,1,0,5.6
Shelter Hotel Los Angeles,90020.0,100.0,8.1,8.3,8.2,7.6,8.4,7.7,8.3,8.3,0,1,0,0,1,0,0,1,0,1,0,0,0,0,0,0,1,3.1
Brentwood Family home,90049.0,5.0,8.1,7.5,8.5,7.5,8.0,8.0,9.0,3.0,1,0,0,1,0,1,0,1,0,0,1,0,0,0,0,1,0,13.7
Los Angeles RoomRentals near USC,90007.0,153.0,7.8,8.5,7.8,8.0,7.2,8.0,8.1,7.2,1,0,0,0,0,0,1,1,1,0,0,0,0,1,0,0,0,3.1
Best Western Hollywood Plaza Inn,90068.0,999.0,8.0,8.3,7.7,7.5,8.3,7.2,8.8,8.7,0,1,0,1,1,0,0,1,0,0,0,0,1,1,0,1,0,6.2
Hollywood Shine B&B,90028.0,85.0,8.4,8.8,8.0,7.7,8.6,8.5,9.2,9.2,0,1,0,0,1,1,0,1,0,0,0,0,0,1,0,0,0,6.2
Bungalows at Marina del Rey/ Venice Beach,90066.0,109.0,8.8,8.9,8.7,8.8,9.3,8.2,8.5,8.6,1,0,0,1,0,0,0,1,1,0,0,0,0,1,1,0,0,11.8
Melrose Apartment # 18,90069.0,9.0,8.3,8.6,8.6,8.3,8.1,7.8,5.0,8.6,1,0,0,1,0,0,0,1,0,0,0,0,0,0,0,0,0,7.5
Comfort Inn Los Angeles near Hollywood,90026.0,391.0,8.0,8.6,8.3,7.9,8.0,7.7,8.5,7.9,1,0,0,0,0,0,0,1,0,0,0,0,0,1,0,0,0,2.5
Downtown Los Angeles 5bed Splendid,90017.0,9.0,7.9,8.9,8.3,8.3,7.0,7.2,7.8,5.0,0,1,1,0,1,0,0,1,0,0,1,0,0,0,0,1,0,1.3
Wilshire Getaway Apartment,90017.0,32.0,8.0,8.1,8.0,8.2,8.2,7.1,5.8,8.3,0,0,0,1,1,0,0,1,0,0,1,0,0,1,0,1,0,1.2
Urban Hollywood Glamour Suite,90028.0,42.0,8.3,8.1,8.3,8.2,8.3,8.0,9.5,9.1,0,0,1,0,1,0,0,1,0,0,1,0,0,1,0,1,0,5.6
Comfort Inn & Suites Near Universal - North Hollywood â€“ Burbank,91606.0,201.0,8.3,8.9,8.6,8.4,8.8,7.7,8.6,7.7,1,0,0,0,0,0,0,1,0,0,1,0,0,0,0,1,0,11.8
West Hollywood Guesthouse,90046.0,25.0,8.6,8.6,8.3,8.2,8.9,8.5,8.8,9.0,1,0,0,0,0,0,0,1,0,0,1,0,0,1,0,1,0,6.8
LA LAX Teresa B&B,90045.0,131.0,9.0,9.5,8.9,8.7,9.2,8.5,9.0,9.2,1,0,0,1,0,1,0,1,0,0,0,0,0,1,0,0,0,10.6
Unique house next tothe beach-Venice Beach-MDR,90292.0,8.0,8.6,8.8,8.8,8.8,8.5,7.5,9.4,4.0,1,0,0,1,0,0,0,1,0,0,1,0,0,1,0,1,0,13.0
Downtown Mansion Hostel,90006.0,31.0,8.8,8.5,8.8,8.6,9.3,8.8,10.0,8.6,0,0,0,1,0,0,0,1,0,0,0,0,0,1,0,0,0,2.5
Royal Pagoda Motel,90012.0,1100.0,7.6,7.7,7.4,7.2,8.0,7.3,7.8,7.9,1,0,0,0,0,0,0,1,0,1,0,1,0,1,0,0,1,1.1
Bel Air Villa,90077.0,34.0,8.2,8.7,8.2,7.6,8.6,7.4,9.2,8.5,1,0,0,0,0,0,0,1,1,0,0,0,0,1,0,0,0,11.8
Pelham Apartment 8,90025.0,21.0,7.8,8.1,8.2,7.8,7.2,7.0,7.5,8.3,0,1,0,0,1,0,0,1,1,0,0,0,0,1,0,0,0,10.6
Palihotel Melrose,90046.0,226.0,8.2,8.7,8.1,7.7,8.6,7.3,9.0,8.9,0,1,0,0,1,0,0,1,0,0,0,0,1,1,0,0,1,6.8
