name,Zip code,numRev,Score,Cleanliness,Comfort,Facilities,Staff,Value for money,Free WiFi,Location,good Fitness Center,Daily Housekeeping,Heating,Fitness Center,Room Service,Family Rooms,Parking,Airport Shuttle,Laundry,Free WiFi.1,Air Conditioning,Pet Friendly,Elevator,Facilities for Disabled Guests,Bar,Non-smoking Rooms,Restaurant,24-Hour Front Desk,WiFi,Dist
Hotel Pennsylvania,10001.0,35615.0,5.6,5.0,4.9,4.7,5.6,5.2,6.3,8.3,0,0,0,1,0,0,0,0,0,1,0,1,0,1,1,1,1,0,0,1.4
Radisson Martinique on Broadway,10001.0,7925.0,8.2,8.5,8.1,7.9,8.1,7.5,8.5,9.2,0,0,0,1,0,1,1,0,0,1,0,1,0,0,1,1,0,0,0,1.4
Residence Inn by Marriott New York Manhattan/Times Square,10018.0,3537.0,8.3,8.2,8.2,8.0,8.4,7.5,8.5,9.4,0,0,0,1,0,1,1,0,0,1,0,1,0,0,1,1,0,0,0,1.1
MADE Hotel,10001.0,1192.0,9.1,9.4,9.0,8.9,9.4,8.5,9.6,9.4,0,0,0,0,1,0,1,0,0,1,0,1,0,0,1,1,1,0,0,1.6
LUMA Hotel - Times Square,10018.0,2212.0,9.2,9.5,9.3,9.0,9.3,8.3,9.1,9.7,0,0,0,1,0,1,1,0,0,1,0,0,0,0,1,1,1,0,0,1.0
"The Standard, High Line New York",10014.0,2822.0,8.3,8.7,8.3,8.2,8.3,7.2,8.4,9.2,1,0,0,0,0,0,1,0,0,1,0,1,0,0,1,1,1,0,0,2.3
citizenM New York Times Square,10019.0,5323.0,9.2,9.5,9.1,9.2,9.4,8.3,9.6,9.7,1,0,0,0,0,0,0,0,0,1,0,0,0,1,1,1,1,1,0,2600.0
Gansevoort Meatpacking,10014.0,1863.0,8.3,8.6,8.3,8.1,8.4,7.3,8.9,9.1,1,0,0,0,0,1,1,0,0,1,0,0,0,0,1,1,0,0,0,2.3
Courtyard by Marriott New York Manhattan/Central Park,10019.0,5459.0,8.0,8.2,8.1,7.7,7.9,7.2,8.4,9.1,1,0,0,0,0,1,1,0,0,1,0,1,0,0,1,1,0,0,0,1500.0
"The Langham, New York, Fifth Avenue",10018.0,1143.0,9.2,9.5,9.4,9.0,9.5,8.3,9.3,9.5,0,0,0,0,0,1,1,0,0,1,0,1,0,0,1,1,0,0,0,1.2
Hyatt Centric Times Square New York,10036.0,4283.0,8.7,9.1,9.0,8.6,8.5,7.8,9.1,9.5,0,0,0,0,0,1,1,0,0,1,0,0,0,0,1,1,0,0,0,0.7
The Assemblage John Street,10038.0,66.0,9.4,9.7,9.7,9.2,9.5,8.8,10.0,9.2,0,0,0,0,1,0,0,0,0,1,0,0,0,1,0,1,1,1,0,3.7
Splendid Apartment by Times SQ,10036.0,414.0,8.0,7.8,8.3,7.9,7.9,7.7,9.1,8.7,0,0,0,0,0,1,0,1,0,1,0,0,1,0,0,1,0,0,0,1.0
Warwick New York,10019.0,4010.0,8.4,8.6,8.5,8.0,8.3,7.5,8.2,9.4,0,0,0,1,0,1,1,0,0,1,0,0,0,0,1,1,1,0,0,2450.0
Radio City Apartments,10019.0,4036.0,8.5,8.6,8.2,8.1,8.5,8.3,9.0,9.6,0,0,0,0,0,1,0,0,1,1,0,0,1,0,0,1,0,1,0,3100.0
Crowne Plaza Times Square,10019.0,7333.0,8.2,8.3,8.3,7.9,8.1,7.2,8.4,9.3,1,0,0,0,0,1,1,0,0,1,0,1,0,0,1,1,0,0,0,2950.0
Executive Hotel Le Soleil New York,10018.0,2787.0,8.5,8.8,8.5,8.2,8.7,7.8,8.8,9.3,0,0,0,1,0,1,1,0,0,1,0,1,0,0,0,1,0,0,0,1.2
Hyatt Place New York/Midtown-South,10018.0,3458.0,8.6,8.7,8.5,8.2,8.8,7.9,8.8,9.3,0,0,0,1,1,1,1,0,0,1,0,0,0,0,0,1,0,0,0,1.2
InterContinental New York Times Square,10036.0,3175.0,8.0,8.2,8.3,7.8,7.7,7.1,7.6,8.9,1,0,0,0,0,0,1,0,0,1,0,1,0,0,1,1,1,0,0,0.8
AKA Central Park,10019.0,866.0,8.5,8.3,8.6,8.2,8.7,7.6,9.3,9.5,0,0,0,1,0,1,1,0,0,1,0,0,0,0,1,1,1,0,0,2300.0
Hyatt House New York/Chelsea,10001.0,1738.0,8.8,8.9,8.9,8.7,8.8,8.2,9.0,9.3,0,0,0,0,0,1,1,0,0,1,0,0,0,1,1,1,0,1,0,1.6
Archer Hotel New York,10018.0,1188.0,8.9,9.3,8.7,8.7,9.3,8.0,9.2,9.5,0,0,0,0,1,0,1,0,0,1,0,1,0,0,1,1,1,0,0,1.1
"The Beekman, a Thompson Hotel",10038.0,1937.0,9.3,9.6,9.4,9.3,9.5,8.7,9.4,9.0,0,0,0,0,0,1,1,0,0,1,0,1,0,0,1,1,0,0,0,3.7
New York Marriott Marquis,10036.0,3392.0,8.2,8.3,8.3,8.0,8.2,7.0,4.6,9.4,0,0,0,0,0,1,1,0,0,0,0,0,0,0,1,1,1,0,1,0.7
Cambria Hotel New York - Times Square,10036.0,3904.0,8.8,9.1,8.7,8.5,8.6,8.2,9.1,9.5,1,0,0,0,0,1,1,0,0,1,0,0,0,0,1,1,1,0,0,0.8
Broadway at Times Square Hotel,10036.0,3163.0,8.4,8.3,8.1,7.9,8.7,7.9,8.6,9.5,0,0,0,1,0,1,1,0,0,1,0,0,0,1,0,1,0,0,0,0.7
MOXY NYC Times Square,10018.0,2719.0,8.4,8.8,8.0,8.2,8.6,7.7,8.6,9.3,1,0,0,0,0,0,1,0,0,1,0,1,0,0,1,1,1,0,0,1.2
Nolitan Hotel SoHo - New York,10012.0,881.0,8.7,9.1,8.6,8.3,9.1,7.8,8.4,9.3,0,0,0,1,0,0,1,0,0,1,0,1,0,0,1,1,1,0,0,3.1
AKA Times Square,10036.0,802.0,8.8,8.7,8.9,8.5,9.2,7.9,9.0,9.5,1,0,0,0,0,1,0,1,0,1,0,0,0,0,0,1,0,1,0,0.8
Gramercy Townhouse,10003.0,11.0,9.5,9.6,9.8,9.6,9.8,8.6,9.6,9.0,0,0,1,0,0,1,0,1,0,1,0,0,0,0,0,1,0,0,0,2.2
Blakely New York Hotel,10019.0,2394.0,8.6,8.8,8.5,8.0,8.8,8.0,8.9,9.4,0,0,0,1,0,1,1,0,0,1,0,0,0,0,1,1,1,0,0,1800.0
Ace Hotel New York,10001.0,1619.0,8.3,8.6,8.1,8.2,8.6,7.5,9.0,9.1,0,0,0,1,0,1,1,0,0,1,0,1,0,0,1,1,0,0,0,1.6
"LIFE Hotel, NoMad",10001.0,1164.0,8.2,8.6,8.0,7.6,8.2,7.6,8.4,9.0,1,0,0,0,0,1,0,0,0,1,0,1,0,0,1,1,1,0,0,1.5
"Club Quarters Hotel, Opposite Rockefeller Center",10019.0,1959.0,8.1,8.0,7.8,7.6,8.2,7.4,8.9,9.5,1,0,0,0,0,1,1,0,0,1,0,0,0,0,1,1,1,0,0,0.6
Lombardy Hotel,10022.0,972.0,8.5,8.7,8.6,8.2,8.4,7.9,8.8,9.2,1,0,0,0,0,1,1,0,0,1,0,1,0,0,1,1,0,0,0,0.8
Arlo SoHo,10013.0,3957.0,8.7,9.3,8.4,8.7,9.0,8.0,9.2,8.8,0,0,0,0,0,0,1,0,0,1,0,0,0,1,1,1,1,1,0,3.1
TRYP by Wyndham Times Square South,10001.0,2792.0,8.4,8.5,8.4,8.1,8.4,8.0,8.7,8.9,0,0,0,1,0,1,1,1,0,1,0,0,0,0,1,1,0,0,0,1.2
Residence Inn by Marriott New York Manhattan/Central Park,10019.0,1930.0,8.3,8.2,8.5,8.2,8.1,7.5,8.7,9.3,1,0,0,0,0,1,1,0,0,1,0,1,0,0,1,1,0,0,0,1500.0
Holiday Inn Express - Times Square South,10018.0,2902.0,8.3,8.4,8.1,7.9,8.4,7.7,8.1,9.2,0,0,0,1,0,0,1,0,0,1,0,1,0,0,0,1,0,1,0,1.2
Millennium Hilton New York One UN Plaza,10017.0,3559.0,8.4,8.8,8.8,8.2,8.2,7.8,5.7,8.6,1,0,0,0,0,1,1,0,0,0,0,0,0,0,1,1,1,0,1,1.4
Fairfield Inn & Suites By Marriott New York Manhattan/Times Square,10018.0,4695.0,8.3,8.6,8.2,8.0,8.5,7.7,9.1,8.9,1,0,0,0,0,1,1,0,0,1,0,1,0,0,1,1,0,0,0,1.0
NoMo SoHo,10013.0,1882.0,8.3,8.8,8.4,8.0,7.9,7.4,8.6,9.2,0,0,0,1,0,0,1,0,0,1,0,1,0,0,1,1,1,0,0,3.1
Hilton Garden Inn Central Park South,10019.0,3272.0,8.3,8.6,8.2,7.9,8.3,7.5,8.3,9.2,0,0,0,1,0,0,1,1,0,1,0,0,0,0,1,1,1,0,0,1500.0
The Evelyn,10016.0,2651.0,8.3,8.6,8.1,7.5,8.5,7.8,8.2,9.2,0,0,0,1,0,0,1,0,0,1,0,0,0,0,1,1,1,1,0,1.7
RIU Plaza New York Times Square,10036.0,5602.0,8.7,9.0,8.7,8.5,8.6,8.0,8.0,9.5,1,0,0,0,0,1,0,0,0,0,0,0,0,1,1,1,1,0,1,0.7
1 Hotel Central Park,10019.0,1537.0,9.0,9.4,9.0,8.9,9.3,7.9,9.4,9.6,1,0,0,0,0,1,1,1,0,1,0,0,0,0,1,1,0,0,0,1950.0
Hotel 50 Bowery,10013.0,1692.0,9.1,9.6,9.4,9.0,9.5,8.7,9.4,8.6,0,0,0,1,0,0,1,0,0,1,0,1,0,1,1,1,0,0,0,3.1
Hotel Boutique at Grand Central,10017.0,2452.0,8.6,9.0,8.5,8.4,8.5,8.1,9.1,9.4,1,0,0,0,1,0,1,0,0,1,0,0,0,0,1,1,1,0,0,1.1
Chambers Hotel,10019.0,1009.0,8.9,9.1,8.8,8.4,9.3,8.0,9.3,9.6,0,0,0,0,0,1,1,1,0,1,0,1,0,0,0,1,0,0,0,2600.0
The New York EDITION,10010.0,995.0,9.0,9.4,9.1,8.8,9.1,7.9,9.5,9.5,1,0,0,0,0,1,1,0,0,1,0,1,0,0,1,1,0,0,0,1.9
Westin New York at Times Square,10036.0,1314.0,8.0,8.2,8.3,7.9,7.8,7.1,6.5,9.0,1,0,0,0,0,1,1,0,0,1,0,1,0,0,1,0,1,0,0,0.8
HGU New York,10016.0,1620.0,8.6,9.0,8.5,8.2,8.8,7.9,9.2,9.1,0,0,0,0,1,0,1,0,0,1,0,1,0,0,1,1,1,0,0,1.5
Arlo NoMad,10016.0,3221.0,8.8,9.3,8.6,8.6,9.1,8.1,9.2,9.4,0,0,0,0,0,0,1,0,0,1,0,0,0,1,1,1,1,1,0,1.5
EVEN Hotel New York - Midtown East 44th,10017.0,1664.0,8.7,9.0,8.7,8.4,8.7,8.1,8.9,9.0,1,0,0,0,0,1,1,0,0,1,0,1,0,0,1,0,1,0,0,1.2
Courtyard by Marriott Times Square West,10018.0,2384.0,8.7,9.1,8.7,8.4,8.9,7.9,8.6,9.0,1,0,0,0,0,1,0,0,0,1,0,0,0,1,1,1,1,0,0,1.1
World Center Hotel,10006.0,2762.0,8.6,8.8,8.6,8.5,8.6,8.1,9.0,9.2,1,0,0,0,0,1,1,0,0,1,0,0,0,0,1,1,1,0,0,4.3
Midtown West 2 Bedroom Apartment,10018.0,41.0,8.5,8.8,8.8,8.6,8.4,7.9,8.9,8.7,0,0,1,0,0,0,0,0,1,1,1,0,0,0,0,1,0,0,0,1.2
Trump International New York,10023.0,775.0,8.8,9.2,9.0,8.6,8.8,7.8,9.1,9.5,0,0,0,0,0,1,1,0,0,1,0,0,0,0,1,1,0,0,0,500.0
Novotel New York Times Square,10019.0,3536.0,8.5,8.8,8.7,8.3,8.2,7.6,8.4,9.4,0,0,0,0,0,1,1,0,0,1,0,1,0,0,1,1,0,0,0,2150.0
Sixty LES,10002.0,850.0,8.2,8.4,8.2,8.0,8.6,7.2,7.7,8.7,0,0,0,1,0,1,1,0,0,1,0,0,0,0,1,1,0,0,0,3.1
The Standard - East Village,10003.0,702.0,8.8,9.1,8.8,8.5,8.9,7.9,8.8,9.3,0,0,0,0,0,1,1,0,0,1,0,1,0,0,0,1,1,0,0,2.8
Andaz 5th Avenue-a concept by Hyatt,10017.0,684.0,8.7,8.9,8.9,8.5,8.6,7.8,9.3,9.4,0,0,0,1,0,1,1,0,0,1,0,1,0,0,1,1,0,0,0,1.1
The Dominick Hotel,10013.0,1147.0,8.5,8.8,8.8,8.4,8.5,7.6,8.7,8.9,0,0,0,0,0,1,1,1,0,1,0,0,0,0,1,1,0,0,0,3.1
Doubletree By Hilton New York Times Square West,10018.0,3376.0,8.0,8.3,7.8,7.7,8.3,7.5,8.0,8.6,1,0,0,0,0,1,1,0,0,1,0,1,0,0,1,1,0,0,0,1.0
Candlewood Suites NYC -Times Square,10018.0,2338.0,8.1,7.7,8.1,7.9,8.2,7.6,8.6,8.9,0,0,0,1,0,1,1,0,0,1,0,1,0,0,0,1,0,0,0,1.0
Hotel Hayden New York,10001.0,825.0,8.1,7.9,8.0,7.7,8.5,7.5,8.2,8.9,0,0,0,1,0,1,1,0,0,1,0,1,0,0,1,1,0,0,0,1.6
SIXTY SoHo,10012.0,854.0,8.6,9.1,8.7,8.4,8.6,7.6,8.2,9.4,0,0,0,1,1,0,1,0,0,1,0,0,0,0,1,1,1,0,0,3.1
Hotel Lucerne,10024.0,2033.0,8.5,8.9,8.4,8.1,8.5,7.8,8.8,9.1,1,0,0,0,0,1,1,0,0,1,0,0,0,0,1,1,0,0,0,1.1
The Time New York,10019.0,2110.0,8.2,8.5,8.0,7.8,8.5,7.3,8.9,9.2,0,0,0,1,0,1,1,0,0,1,0,0,0,0,1,1,1,0,0,2800.0
Best Western Premier Herald Square,10018.0,1331.0,8.5,8.9,8.2,8.2,8.7,7.9,8.8,9.4,1,0,0,0,0,1,0,0,0,1,0,0,0,1,1,1,0,1,0,1.2
Fairfield Inn by Marriott New York Manhattan/Financial District,10038.0,2925.0,8.2,8.7,8.0,7.9,8.9,7.6,8.8,8.3,0,0,0,1,0,0,1,0,0,1,0,0,0,1,1,1,0,1,0,4.3
Club Quarters Hotel Midtown - Times Square,10036.0,1193.0,8.1,8.1,7.7,7.7,8.4,7.4,9.0,9.3,0,0,0,1,0,1,1,0,0,1,0,0,0,0,1,1,1,0,0,0.8
Hyatt Herald Square New York / 5th Avenue,10001.0,1635.0,8.2,8.5,8.0,7.8,8.5,7.5,8.2,8.9,0,0,0,1,0,1,1,0,0,1,0,1,0,0,1,1,0,0,0,1.5
Sohotel,10013.0,2129.0,8.3,8.6,7.9,7.7,8.8,7.7,8.3,8.9,0,0,0,0,0,1,0,0,0,0,0,0,0,0,1,1,1,1,1,3.1
The Jewel Facing Rockefeller Center,10019.0,1123.0,8.6,8.8,8.3,8.3,8.9,8.0,9.3,9.6,0,0,0,1,0,1,1,0,0,1,0,0,0,0,1,1,1,0,0,0.6
U Hotel Fifth Avenue,10018.0,2030.0,8.1,8.5,7.4,7.2,8.5,7.5,7.5,9.4,0,0,0,0,0,0,1,0,0,0,0,0,0,1,0,1,0,1,1,1.3
Hotel Wolcott,10001.0,1349.0,7.9,8.1,7.7,7.1,7.9,7.5,3.1,9.0,0,0,0,1,0,0,1,0,0,0,0,0,1,0,0,1,0,1,1,1.5
AKA Wall Street,10038.0,746.0,9.3,9.4,9.5,9.2,9.5,8.7,9.4,9.3,0,0,0,0,0,0,0,0,0,1,0,0,0,1,0,1,0,1,0,4.3
The Peninsula New York,10019.0,220.0,8.7,9.0,8.8,8.7,8.7,7.4,8.7,9.5,0,0,0,0,0,1,1,0,0,1,0,0,0,0,1,1,0,0,0,3100.0
Club Quarters Hotel Wall Street,10005.0,2466.0,8.2,8.4,8.0,7.9,8.5,7.6,9.0,8.8,1,0,0,0,0,1,1,0,0,1,0,0,0,0,0,1,1,0,0,4.3
Hotel Indigo Lower East Side,10002.0,1028.0,8.7,9.1,8.9,8.6,8.6,7.7,8.7,8.9,0,0,0,1,0,0,1,1,0,1,0,0,0,0,1,1,0,0,0,3.1
The Allen Hotel,10002.0,556.0,8.6,9.0,8.4,8.3,8.9,8.2,9.1,8.6,0,0,0,0,0,1,0,0,0,1,0,0,0,1,0,1,0,1,0,3.1
"Club Quarters Hotel, Grand Central",10017.0,1180.0,8.7,8.9,8.6,8.5,8.7,8.1,9.0,9.4,1,0,0,0,1,0,1,0,0,1,0,0,0,0,1,1,1,0,0,1.1
Courtyard New York Manhattan/Times Square,10018.0,1300.0,8.4,8.5,8.4,8.0,8.5,7.6,8.7,9.4,1,0,0,0,0,0,1,0,0,1,0,1,0,0,0,1,1,0,0,1.0
The NoMad Hotel,10001.0,748.0,9.0,9.4,9.2,9.0,9.1,8.2,9.0,9.3,0,0,0,0,0,0,1,0,0,1,0,1,0,0,1,1,1,0,0,1.6
Great Renovated Apartments Best Location Manhattan,10010.0,30.0,8.3,7.6,8.1,7.8,8.5,8.4,7.5,9.6,0,0,0,0,0,1,0,0,0,1,1,0,0,0,0,1,0,0,0,2.0
Freehand New York,10010.0,545.0,8.8,9.0,8.6,8.6,8.9,8.0,8.8,9.3,0,0,0,0,0,1,1,0,0,1,0,1,0,0,1,1,0,0,0,2.0
Midtown Lodging,10022.0,639.0,8.5,8.3,8.1,8.2,9.0,8.1,9.3,9.0,0,0,1,0,0,1,0,0,0,1,1,0,0,0,0,1,0,0,0,1.1
Four Points by Sheraton Manhattan Midtown West,10001.0,957.0,8.4,9.0,8.5,8.3,8.5,7.9,8.7,8.3,1,0,0,0,0,1,1,0,0,1,0,0,0,0,0,1,1,0,0,1.3
City Club Hotel,10036.0,1213.0,8.3,8.4,8.0,7.7,8.7,7.6,8.5,9.4,0,0,0,0,0,1,1,0,0,1,0,1,0,0,1,1,1,0,0,0.9
Four Points by Sheraton Midtown - Times Square,10018.0,3306.0,8.4,8.6,8.2,7.9,8.7,7.8,9.0,8.9,0,0,0,0,1,0,1,0,0,1,0,1,0,0,1,1,1,0,0,1.0
Modern Apartments next to Times Square,10018.0,56.0,8.2,8.0,7.8,7.5,8.3,7.8,10.0,9.7,0,0,0,0,0,0,0,0,0,1,1,0,1,0,0,1,0,0,0,1.1
"Hotel Shocard, New York",10036.0,1856.0,8.3,8.6,7.7,7.8,8.9,7.7,9.0,9.4,0,0,0,0,0,1,0,0,0,1,0,1,0,1,1,1,1,0,0,0.9
Carvi Hotel New York,10022.0,980.0,8.4,8.7,8.2,7.8,8.8,7.9,8.9,9.0,0,0,0,0,0,0,1,0,0,1,0,0,0,0,0,1,0,1,0,0.9
Cassa Hotel 45th Street New York,10036.0,1562.0,8.7,9.0,8.6,8.1,8.9,7.9,8.6,9.6,0,0,0,0,0,0,1,1,0,1,0,1,0,0,0,1,1,0,0,0.8
"The New Yorker, A Wyndham Hotel",10018.0,7762.0,7.8,8.0,7.6,7.3,8.2,7.0,8.0,9.0,0,0,0,1,0,1,1,0,0,1,0,1,0,0,1,1,0,0,0,1.2
Dream Midtown,10019.0,2011.0,8.1,8.5,7.8,7.6,8.2,7.2,9.2,9.0,0,0,0,0,1,1,1,0,0,0,0,0,0,1,1,1,1,0,0,1500.0
"Park South, a Joie de Vivre Hotel",10016.0,1071.0,8.6,8.9,8.5,8.4,9.1,7.9,9.1,9.0,0,0,0,1,0,1,1,0,0,0,0,0,0,1,1,1,1,0,0,1.8
"The Bernic Hotel New York City,Tapestry Collection by Hilton",10017.0,1792.0,8.7,9.0,8.6,8.2,9.1,8.0,8.1,9.0,0,0,0,0,1,0,1,0,0,1,0,1,0,0,1,1,1,0,0,1.1
Four Seasons Hotel New York Downtown,10007.0,249.0,9.4,9.8,9.8,9.6,9.6,8.6,9.0,9.2,0,0,0,0,0,1,1,0,0,1,0,0,0,0,1,1,0,0,0,3.7
Hampton Inn Manhattan Grand Central,10017.0,2843.0,8.7,8.9,8.4,8.3,9.1,8.2,8.4,9.2,1,0,0,0,0,0,0,0,1,1,0,0,0,1,0,1,0,1,0,1.3
New York Hilton Midtown,10019.0,4542.0,7.9,8.1,7.9,7.6,7.8,7.0,7.0,9.1,1,0,0,0,0,1,1,0,0,1,0,1,0,0,1,1,0,0,0,2450.0
Distrikt Hotel New York City,10018.0,755.0,8.5,8.8,8.5,8.1,8.7,7.9,8.1,8.9,0,0,0,0,1,0,1,0,0,1,0,0,0,1,1,1,1,0,0,1.0
Fairfield Inn & Suites by Marriott New York Downtown Manhattan/World Trade Center Area,10006.0,627.0,8.8,8.9,8.7,8.5,9.1,8.4,8.9,9.2,0,1,1,1,0,0,0,0,0,1,0,0,0,1,0,1,0,0,0,4.3
The Mercer,10012.0,270.0,8.9,9.4,9.0,8.7,9.1,7.8,9.1,9.6,0,0,0,0,1,0,1,0,0,1,0,1,0,0,1,1,1,0,0,3.1
Heart of Midtown,10022.0,22.0,8.7,8.8,8.2,8.5,9.1,8.4,8.8,9.4,0,0,0,0,0,0,0,0,0,1,1,0,0,0,0,1,0,0,0,1.0
Sofitel New York,10036.0,1357.0,8.6,8.8,8.7,8.3,8.7,7.5,8.0,9.3,0,0,0,1,0,1,1,0,0,0,0,1,0,0,1,1,0,0,1,0.9
Times Square HighLine Two Bedroom,10036.0,15.0,9.2,8.8,8.8,8.7,10.0,9.1,9.8,8.0,0,0,0,0,0,0,0,0,0,1,1,0,0,0,0,1,0,0,0,0.9
Lotte New York Palace,10022.0,1787.0,8.8,9.0,9.0,8.5,8.6,7.9,4.2,9.6,0,0,0,0,0,1,1,0,0,0,0,1,0,0,1,1,0,0,1,0.8
Sanctuary NYC Retreats,10002.0,399.0,8.8,8.8,8.9,8.7,9.0,8.6,8.4,8.6,0,0,0,0,0,1,0,0,0,1,0,0,1,1,0,1,0,0,0,3.1
Homewood Suites Midtown Manhattan Times Square South,10018.0,1943.0,8.9,9.0,8.9,8.8,9.0,8.3,8.6,9.2,1,0,0,0,0,1,0,0,0,1,0,0,0,1,0,1,0,1,0,1.1
The Roger,10016.0,1562.0,8.4,8.7,8.4,8.0,8.6,7.5,8.6,9.0,0,0,0,1,1,0,1,0,0,1,0,0,0,0,1,1,1,0,0,1.6
Fairfield Inn & Suites by Marriott New York Manhattan/Chelsea,10001.0,1084.0,8.1,8.2,7.7,7.8,8.7,7.5,8.2,8.9,1,0,0,0,0,0,1,0,0,1,0,0,0,1,0,1,0,1,0,1.6
Ameritania at Times Square,10019.0,2578.0,8.2,8.3,8.0,7.6,8.4,7.7,4.9,9.3,0,0,0,1,1,1,1,0,0,0,0,0,0,0,1,1,0,0,1,1500.0
Four Points by Sheraton Manhattan Chelsea,10001.0,1431.0,8.1,8.3,7.9,7.7,8.7,7.6,8.4,8.7,0,0,0,1,0,0,1,0,0,1,0,0,0,1,1,1,1,0,0,1.7
Walker Hotel Greenwich Village,10011.0,1023.0,8.4,8.7,8.1,8.0,8.8,7.4,8.8,9.3,0,0,0,1,1,0,1,0,0,1,0,0,0,0,1,1,1,0,0,2.3
John Street Apartment,10038.0,7.0,8.4,8.2,8.9,8.6,7.9,7.9,8.9,2.0,0,0,0,1,0,0,0,0,0,1,0,0,1,0,0,0,0,0,0,3.7
Element Times Square West,10018.0,8114.0,8.0,7.8,7.9,7.6,8.1,7.5,8.7,8.9,0,0,0,1,0,0,1,0,0,1,0,1,0,1,0,1,0,0,0,1.0
The Roxy Hotel Tribeca,10013.0,1382.0,8.9,9.1,9.0,8.9,9.0,8.2,8.7,9.3,0,0,0,1,0,1,1,0,0,1,0,1,0,0,1,1,0,0,0,3.1
Hotel Wales,10128.0,750.0,8.1,8.4,7.9,7.6,8.4,7.4,8.6,8.8,0,0,0,1,0,1,1,0,0,1,0,1,0,0,0,1,0,0,0,1.8
Four Points by Sheraton New York Downtown,10038.0,3952.0,8.1,8.4,8.1,7.8,8.2,7.5,8.4,8.3,1,0,0,0,0,1,1,0,0,1,0,0,0,0,0,1,1,0,0,4.3
Loews Regency New York Hotel,10065.0,456.0,8.8,9.1,9.0,8.7,8.8,7.9,8.9,9.4,1,0,0,0,0,1,1,0,0,1,0,1,0,0,1,1,0,0,0,0.7
Grand Hyatt New York,10017.0,4618.0,7.8,7.8,7.8,7.5,7.8,6.9,8.1,9.0,1,0,0,0,0,1,1,0,0,1,0,0,0,0,1,1,1,0,0,1.2
The Whitby Hotel,10019.0,196.0,9.5,9.9,9.7,9.6,9.6,8.6,9.5,9.6,0,0,0,0,0,1,1,1,0,1,0,0,0,0,1,1,0,0,0,2600.0
Holiday Inn Manhattan Financial District,10006.0,1689.0,8.1,8.4,8.1,7.7,8.3,7.5,8.8,8.8,0,0,0,1,0,1,1,0,0,1,0,0,0,0,1,1,1,0,0,4.3
11 Howard,10013.0,621.0,8.5,8.8,8.3,8.0,8.9,7.6,9.3,9.2,0,0,0,1,1,0,0,0,0,1,0,1,0,0,1,1,1,0,0,3.1
The Frederick Hotel,10007.0,1579.0,8.3,8.9,8.0,7.7,8.6,7.8,8.0,9.0,1,0,0,0,0,1,1,0,0,1,0,0,0,0,1,1,1,0,0,3.7
Orchard Street Hotel,10003.0,1156.0,8.3,8.6,7.7,7.6,9.0,7.7,8.4,9.0,0,1,0,0,0,0,0,0,0,1,0,0,1,0,1,1,0,1,0,3.1
Hotel Hugo,10013.0,981.0,8.1,8.5,8.1,8.0,8.4,7.5,7.4,8.4,0,0,0,1,0,0,1,1,0,1,0,1,0,0,1,0,1,0,0,3.1
"The Pierre, A Taj Hotel, New York",10065.0,323.0,9.0,9.3,9.1,8.7,9.3,7.8,8.3,9.6,0,0,0,1,0,0,1,1,0,1,0,1,0,0,1,1,0,0,0,3100.0
Hyatt Union Square New York,10003.0,543.0,8.7,9.0,8.7,8.5,9.0,7.6,8.6,9.2,1,0,0,0,0,1,1,1,0,1,0,0,0,0,1,1,0,0,0,2.5
Club Quarters Hotel World Trade Center,10006.0,1496.0,8.6,8.8,8.5,8.5,8.6,8.1,9.0,9.1,0,0,0,1,0,1,1,0,0,1,0,0,0,0,1,1,1,0,0,4.3
DoubleTree Suites by Hilton NYC - Times Square,10036.0,1877.0,8.2,8.1,8.1,7.9,8.1,7.3,5.9,9.3,1,0,0,0,0,1,1,0,0,0,0,1,0,0,1,1,0,0,1,0.7
Seton Hotel,10016.0,1036.0,8.3,8.7,7.8,7.7,8.6,7.6,8.9,9.1,0,0,0,0,0,0,1,1,0,1,0,0,0,0,0,1,0,1,0,1.3
AKA Sutton Place,10022.0,103.0,9.1,9.2,9.1,9.0,9.6,8.5,8.3,9.1,1,0,0,0,0,1,1,0,0,1,0,0,0,0,1,1,0,0,0,1.1
Courtyard by Marriott New York Downtown Manhattan/World Trade Center Area,10006.0,1733.0,8.6,9.1,8.7,8.3,8.4,8.0,8.7,9.0,0,0,0,1,0,0,1,0,0,1,0,0,0,1,1,1,1,0,0,4.3
Courtyard New York Manhattan/Midtown East,10022.0,690.0,8.3,8.6,8.4,8.0,8.2,7.7,8.1,8.9,1,0,0,0,0,0,1,0,0,1,0,0,0,1,0,1,0,1,0,1.0
The Marcel at Gramercy,10010.0,1549.0,8.2,8.4,7.9,7.7,8.8,7.7,5.2,8.6,0,0,0,0,1,1,1,0,0,0,0,0,0,1,0,1,0,0,1,2.0
The Kitano Hotel New York,10016.0,801.0,8.7,9.1,8.9,8.4,8.8,7.9,5.2,4.2,0,0,0,0,1,1,1,0,0,1,0,0,0,0,1,1,1,0,0,1.3
Hilton Garden Inn NYC Financial Center/Manhattan Downtown,10004.0,977.0,8.8,9.1,8.9,8.6,8.7,8.3,8.5,8.9,1,0,0,0,1,0,1,0,0,1,0,0,0,0,1,1,1,0,0,4.3
Fifty Hotel & Suites by Affinia,10022.0,1302.0,8.2,8.4,8.3,7.9,8.2,7.5,8.0,8.9,0,0,0,0,1,1,1,0,0,1,0,1,0,0,0,1,0,0,0,1.0
IBEROSTAR 70 Park Avenue Hotel,10016.0,2008.0,8.3,8.3,8.3,7.7,8.6,7.8,8.9,9.2,0,0,0,1,0,1,1,1,0,1,0,0,0,0,0,1,0,0,0,1.3
Courtyard by Marriott New York Manhattan/Chelsea,10001.0,961.0,8.5,8.9,8.5,8.2,8.4,7.8,8.7,9.1,1,0,0,0,0,1,1,0,0,1,0,0,0,0,1,1,1,0,0,1.5
Best Western Bowery Hanbee Hotel,10013.0,1022.0,8.0,8.2,7.8,7.5,8.6,7.6,8.2,9.0,0,1,0,0,0,1,1,0,0,0,0,0,0,1,0,1,0,1,0,3.1
Hotel on Rivington,10002.0,549.0,8.4,8.6,8.6,8.0,8.4,7.8,8.7,8.8,0,0,0,1,1,0,1,0,0,1,0,0,0,0,1,1,1,0,0,3.1
Athenas Domus CS 6E,10011.0,13.0,9.5,10.0,9.6,9.6,9.2,9.1,10.0,9.4,0,0,0,0,0,0,0,0,0,1,1,0,0,0,0,1,0,0,0,2.0
Hampton Inn Manhattan - Times Square South,10018.0,1092.0,8.2,8.4,8.0,7.9,8.5,7.6,8.2,8.7,0,0,0,1,0,0,1,0,0,1,0,0,0,1,0,1,1,0,0,1.0
Tribeca Lofts,10013.0,36.0,8.1,8.4,8.1,7.4,7.9,7.4,7.5,9.2,0,0,0,0,0,0,0,0,0,1,1,1,0,0,0,1,0,0,0,3.1
Cambria Hotel New York - Chelsea,10001.0,1816.0,8.8,8.7,8.8,8.5,9.2,8.3,9.2,9.2,0,0,0,1,1,0,0,0,0,1,0,0,0,0,1,1,1,1,0,1.6
JW Marriott Essex House New York,10019.0,551.0,7.9,8.0,8.0,7.5,8.0,6.5,7.1,9.3,0,0,0,1,0,1,1,0,0,1,0,1,0,0,1,1,0,0,0,1150.0
Hampton Inn Manhattan-35th Street/Empire State Building,10001.0,1760.0,8.6,8.6,8.4,8.1,8.9,8.0,8.2,9.4,0,0,0,1,0,1,1,0,0,1,0,1,0,0,0,1,0,0,0,1.3
Hilton Garden Inn New York Times Square South,10018.0,853.0,8.7,9.0,8.8,8.5,8.7,8.2,8.2,8.9,1,0,0,0,0,1,1,0,0,1,0,0,0,0,1,1,1,0,0,1.1
Sheraton Tribeca New York Hotel,10013.0,2791.0,7.8,7.8,7.9,7.4,8.1,7.3,8.4,8.3,1,0,0,0,0,1,1,0,0,1,0,1,0,0,1,1,0,0,0,3.1
Wellington Hotel,10019.0,7288.0,7.7,7.8,7.5,6.9,7.6,7.2,4.2,9.1,0,0,0,0,1,1,1,0,0,0,0,0,0,0,1,1,1,0,1,1500.0
The London NYC,10018.0,1514.0,8.2,8.4,8.5,7.9,8.1,7.4,8.7,9.1,0,0,0,0,1,1,0,0,0,1,0,0,0,0,1,1,1,0,0,1800.0
Broadway Plaza Hotel,10001.0,764.0,8.5,8.8,8.5,7.9,8.8,8.0,7.6,9.0,0,0,0,0,1,1,1,1,0,1,0,0,0,0,0,1,0,0,0,1.7
Eurostars Wall Street,10005.0,980.0,7.9,7.8,7.9,7.5,8.3,7.6,8.4,8.5,0,0,0,0,1,1,1,0,0,1,0,0,0,0,0,1,1,0,0,4.3
Sanctuary Hotel New York,10036.0,1222.0,8.6,8.9,8.3,8.1,9.2,7.8,8.8,9.5,0,0,0,0,0,1,1,0,0,1,0,1,0,0,1,1,1,0,0,0.7
InterContinental New York Barclay Hotel,10017.0,2344.0,8.8,9.2,9.1,8.7,8.6,8.1,6.6,9.3,0,0,0,0,0,1,1,0,0,0,0,1,0,0,1,1,0,0,1,1.0
Aloft Manhattan Downtown - Financial District,10038.0,1515.0,8.3,8.7,8.3,8.0,8.3,7.7,9.0,8.6,0,0,0,1,0,1,1,0,0,1,0,1,0,0,1,1,0,0,0,3.7
EVEN Hotel New York Times Square South,10001.0,1203.0,9.0,9.4,9.1,9.0,9.2,8.2,9.1,9.1,0,0,0,0,0,1,0,0,0,1,0,1,0,0,1,1,1,0,0,1.2
"The Lexington, Autograph Collection",10018.0,2766.0,8.2,8.4,8.1,8.0,8.2,7.5,8.4,9.0,1,0,0,0,0,1,1,0,0,1,0,1,0,0,1,1,0,0,0,1.0
The Mark New York,10075.0,321.0,9.0,9.4,9.2,9.1,9.1,7.8,8.9,9.4,0,0,0,0,0,1,1,0,0,1,0,1,0,0,1,1,0,0,0,1.1
Studios Midtown Manhattan,10001.0,325.0,8.5,8.6,7.8,8.1,9.1,8.1,9.3,9.4,0,0,0,0,0,1,1,1,0,1,0,0,0,0,0,1,0,1,0,1.5
Hilton Times Square,10036.0,1956.0,8.5,8.7,8.7,8.3,8.3,7.7,5.9,9.2,0,0,0,1,0,0,1,0,0,0,0,1,0,0,1,1,1,0,1,0.9
Holiday Inn Express New York City Chelsea,10001.0,2934.0,8.1,8.3,7.7,7.6,8.4,7.5,8.6,8.7,0,0,0,1,0,0,1,0,0,1,0,1,0,1,0,1,0,0,0,1.5
Oakwood at the Nash,10016.0,428.0,8.8,8.8,8.9,8.8,8.5,8.6,9.2,9.1,1,0,1,0,0,0,0,0,0,1,0,0,1,0,0,1,0,1,0,1.5
Andaz Wall Street-a concept by Hyatt,10005.0,558.0,8.7,8.7,8.8,8.6,8.9,8.3,8.9,8.8,0,0,0,0,0,1,0,0,0,1,0,1,0,0,1,1,0,0,0,4.3
Room Mate Grace Boutique Hotel,10036.0,2001.0,8.7,8.8,8.5,8.4,9.1,8.0,8.7,9.6,1,0,0,0,0,0,1,1,0,1,0,0,0,0,1,1,0,0,0,0.8
DoubleTree by Hilton NYC - Financial District,10004.0,3976.0,7.9,8.0,7.9,7.4,8.1,7.4,8.5,8.4,0,0,0,1,1,1,1,0,0,1,0,0,0,0,1,0,1,0,0,4.3
Big 3 BDR Apt Times Square 9th Ave,10018.0,27.0,8.1,7.8,7.9,7.7,8.4,7.5,9.1,9.0,0,0,1,0,0,1,0,0,0,1,1,0,0,0,0,0,0,0,0,1.0
East Village Hotel,10003.0,904.0,8.0,7.8,7.8,7.6,8.1,7.7,9.1,9.0,0,1,1,0,0,0,0,0,0,1,1,0,0,0,0,1,0,0,0,2.8
The Smyth,10007.0,394.0,8.5,9.0,8.7,8.2,8.6,7.7,9.0,9.0,1,0,0,0,0,0,1,0,0,1,0,1,0,0,1,1,1,0,0,3.7
The James New York - NoMad,10016.0,514.0,8.2,8.4,8.4,7.7,8.3,7.7,8.6,8.9,0,0,0,1,0,1,1,0,0,1,0,1,0,0,1,1,0,0,0,1.6
Conrad New York,10282.0,1078.0,9.1,9.5,9.4,9.1,8.9,8.4,9.0,9.1,1,0,0,0,0,1,1,0,0,1,0,1,0,0,1,0,1,0,0,3.7
La Quinta Inn & Suites Manhattan,10001.0,6434.0,8.0,8.3,7.8,7.5,7.9,7.5,8.6,8.9,0,0,0,1,0,0,1,0,0,1,0,0,0,1,0,1,0,1,0,1.5
Four Points by Sheraton Manhattan SoHo Village,10014.0,1368.0,8.1,8.2,7.9,7.6,8.7,7.6,8.7,8.6,0,0,0,1,0,1,1,0,0,1,0,0,0,0,1,1,1,0,0,3.1
Residence Inn by Marriott New York Downtown Manhattan/World Trade Center Area,10007.0,1380.0,8.8,8.9,8.9,8.6,8.9,8.1,8.8,9.2,1,0,0,0,0,1,1,0,0,1,0,1,0,0,1,1,0,0,0,3.7
Kimpton Ink48 Hotel,10036.0,800.0,8.7,9.2,9.0,8.8,9.0,8.1,8.0,8.4,0,0,0,0,0,1,1,0,0,1,0,1,0,0,1,1,0,0,0,0.8
Hilton Garden Inn West 35th Street,10001.0,1985.0,8.6,8.7,8.5,8.2,8.7,8.0,8.4,9.4,0,0,0,1,0,0,0,0,0,1,0,0,0,1,1,1,1,1,0,1.3
Hilton New York Fashion District,10001.0,1216.0,8.2,8.5,8.2,7.9,8.3,7.5,8.3,8.8,0,0,0,1,1,0,1,0,0,1,0,0,0,1,1,0,1,0,0,1.7
Leon Hotel,10002.0,1390.0,8.3,8.7,8.5,7.8,8.6,8.1,7.2,8.3,0,1,0,0,0,1,0,0,0,1,0,0,0,1,0,1,0,1,0,3.1
Kimpton Hotel Eventi,10001.0,827.0,8.7,9.0,8.9,8.7,8.8,7.9,8.3,9.1,0,0,0,0,0,1,1,0,0,1,0,1,0,0,1,1,0,0,0,1.5
INNSIDE by Melià New York Nomad,10001.0,1405.0,8.6,8.7,8.6,8.5,8.8,7.8,8.7,9.0,1,0,0,0,0,1,1,1,0,1,0,0,0,0,1,1,0,0,0,1.6
The Hotel at Times Square,10036.0,7343.0,7.9,7.9,7.8,7.5,7.6,7.6,8.5,9.2,0,0,0,1,0,1,1,0,0,1,0,0,0,1,0,0,0,1,0,0.8
AKA United Nations,10017.0,135.0,9.2,9.3,9.5,9.3,9.4,8.4,9.5,9.3,0,0,0,1,0,0,0,0,0,1,0,0,1,0,0,1,0,1,0,1.2
Hilton Garden Inn New York/Manhattan-Chelsea,10001.0,1111.0,8.3,8.5,8.1,7.9,8.6,7.7,7.6,9.0,1,0,0,0,0,1,1,0,0,1,0,0,0,0,1,1,1,0,0,1.6
Staybridge Suites - Times Square - New York City,10018.0,2691.0,8.2,8.1,8.1,7.9,8.4,7.6,8.0,8.8,0,0,0,1,0,1,1,0,0,1,0,1,0,0,1,1,0,0,0,1.0
Viceroy Central Park New York,10019.0,1349.0,7.9,8.2,7.8,7.4,8.3,6.9,7.3,9.0,0,0,0,1,0,1,1,0,0,1,0,1,0,0,1,1,0,0,0,1650.0
The Iroquois New York,10036.0,692.0,8.9,9.2,8.7,8.4,9.2,8.0,8.8,9.6,1,0,0,0,0,1,1,0,0,1,0,0,0,0,1,1,1,0,0,0.9
Hotel 48LEX New York,10017.0,759.0,8.4,8.5,8.6,8.0,8.6,7.5,8.6,9.1,0,0,0,1,0,1,1,1,0,1,0,0,0,0,1,1,0,0,0,1.0
Moderne Hotel,10019.0,735.0,8.6,8.6,8.2,7.9,9.1,8.1,8.9,9.5,0,0,0,0,1,1,1,0,0,1,0,0,0,0,0,1,0,1,0,1150.0
Hilton Garden Inn Times Square,10019.0,1928.0,8.3,8.5,8.4,7.8,8.2,7.6,8.4,9.2,0,0,0,1,0,0,1,0,0,1,0,0,0,1,0,1,0,1,0,2950.0
Gramercy Park Hotel,10010.0,319.0,8.4,8.9,8.7,8.4,8.3,7.3,8.2,9.1,0,0,0,1,0,1,1,0,0,1,0,1,0,0,1,1,0,0,0,2.1
Crosby Street Hotel,10012.0,232.0,9.4,9.8,9.7,9.5,9.5,8.1,9.4,9.7,0,0,0,0,0,1,1,1,0,1,0,0,0,0,1,1,0,0,0,3.1
Hilton Garden Inn Times Square Central,10036.0,1448.0,8.3,8.5,8.3,8.0,8.1,7.6,8.6,9.3,0,0,0,1,1,0,1,0,0,1,0,0,0,0,1,1,1,0,0,0.9
The Kimpton Muse Hotel,10036.0,897.0,8.9,9.2,8.9,8.6,9.0,8.0,7.3,9.4,0,0,0,1,0,1,1,0,0,0,0,1,0,0,1,1,0,0,1,0.7
Hampton Inn Manhattan-Times Square North,10019.0,1676.0,8.2,8.2,8.2,7.9,8.3,7.6,8.1,9.1,0,0,0,1,0,0,1,0,0,1,0,0,0,1,0,1,0,1,0,2150.0
Hilton Garden Inn New York Manhattan Midtown East,10022.0,926.0,8.4,8.7,8.4,8.1,8.7,7.9,8.3,8.8,1,0,0,0,0,0,1,0,0,1,0,1,0,0,1,1,1,0,0,1.0
Mondrian Park Avenue,10016.0,268.0,8.8,9.2,8.9,8.5,9.1,8.2,9.1,9.1,0,0,0,0,0,0,1,0,0,1,0,1,0,1,1,1,1,0,0,1.6
Hampton Inn Manhattan/Downtown- Financial District,10004.0,704.0,8.3,8.7,8.2,8.0,8.5,7.8,7.9,8.5,0,0,0,1,0,1,1,0,0,1,0,1,0,0,0,1,0,0,0,4.3
Hilton Garden Inn New York/Tribeca,10013.0,612.0,8.2,8.4,8.0,7.9,8.5,7.7,7.8,8.8,0,0,0,1,1,0,1,0,0,1,0,0,0,0,1,1,1,0,0,3.1
The Gregory,10001.0,2155.0,7.9,8.0,7.8,7.3,8.1,7.2,7.4,9.0,0,0,0,0,0,1,1,0,0,0,0,1,0,0,1,1,1,0,1,1.3
Crowne Plaza HY36 Midtown Manhattan,10018.0,348.0,8.7,9.2,8.9,8.6,8.9,7.9,8.7,8.9,0,0,0,1,0,0,1,0,0,1,0,1,0,0,0,1,1,0,0,1.2
Hotel 32 32,10016.0,1275.0,8.0,8.2,7.9,7.6,8.3,7.3,8.1,8.7,0,0,0,0,0,1,0,0,0,1,0,0,0,1,0,1,0,1,0,1.5
Residence Inn by Marriott New York Manhattan/ Midtown Eastside,10017.0,874.0,8.8,9.1,8.9,8.7,9.0,8.2,8.5,9.2,0,0,0,0,0,1,1,0,0,1,0,1,0,0,0,1,0,0,0,1.1
Hampton Inn Manhattan Chelsea,10011.0,781.0,8.6,8.8,8.5,8.3,8.9,8.2,8.6,9.0,1,0,0,0,0,0,1,0,0,1,0,1,0,1,0,1,0,0,0,1.8
Hampton Inn Times Square Central,10036.0,2443.0,8.8,9.0,8.8,8.5,9.0,8.2,8.5,9.5,0,0,0,0,0,0,1,0,0,1,0,0,0,1,0,1,0,1,0,0.9
Bentley Hotel,10065.0,1507.0,7.8,8.1,7.8,7.3,8.2,7.3,4.4,7.7,0,0,0,1,0,1,0,0,0,0,0,1,0,0,1,1,1,0,1,1.4
Madison LES Hotel,10002.0,6.0,8.6,8.3,8.8,8.3,9.2,7.9,8.8,3.0,0,0,0,0,0,0,0,0,0,1,1,0,0,0,0,1,0,0,0,3.7
The Watson Hotel,10019.0,8697.0,7.8,7.8,7.7,7.4,7.8,7.5,7.7,8.5,0,0,0,1,1,0,1,0,0,1,0,0,0,0,1,1,1,0,0,1650.0
DoubleTree by Hilton Metropolitan New York City,10022.0,4065.0,7.8,8.0,7.8,7.3,7.6,7.2,7.9,8.8,1,0,0,0,0,1,1,0,0,1,0,1,0,0,1,1,0,0,0,1.0
East Village Apartments,10003.0,92.0,9.5,9.8,9.4,9.7,9.9,8.7,9.5,9.3,0,1,0,0,0,1,0,1,0,1,0,0,0,0,0,1,0,0,0,3.0
Q&A Residential Hotel,10005.0,466.0,9.1,9.1,9.4,9.2,9.0,8.6,9.1,9.1,0,0,0,0,0,1,1,0,0,1,0,1,0,0,0,1,0,0,0,4.3
DoubleTree by Hilton - Chelsea,10001.0,1544.0,7.9,7.9,7.7,7.3,8.4,7.4,8.1,8.6,1,0,0,0,0,0,1,0,0,1,0,1,0,0,1,1,1,0,0,1.6
Holiday Inn Express - Times Square,10018.0,2404.0,7.8,7.9,7.5,7.3,8.2,7.2,8.4,8.6,0,0,0,1,0,0,1,0,0,1,0,0,0,1,0,1,0,1,0,1.0
Sheraton New York Times Square Hotel,10018.0,1873.0,7.6,7.8,7.5,7.3,7.5,6.6,5.1,8.9,0,0,0,1,0,1,1,0,0,0,0,1,0,0,1,1,0,0,1,2150.0
The Gotham Hotel,10017.0,643.0,8.1,7.9,8.1,7.5,8.5,7.2,8.0,9.1,0,0,0,1,0,0,1,0,0,1,0,1,0,0,1,1,1,0,0,0.9
Hotel Edison Times Square,10036.0,13138.0,7.5,7.7,7.2,6.8,7.7,6.8,4.9,9.2,0,0,0,1,0,1,1,1,0,0,0,0,0,0,1,1,0,0,1,0.7
Hotel Belleclaire,10024.0,2891.0,7.8,8.0,7.5,7.2,8.4,7.2,7.5,8.7,0,0,0,1,0,1,1,0,0,1,0,0,0,1,0,1,0,0,0,1.0
"Hampton Inn Manhattan-SoHo, NY",10013.0,2445.0,7.9,8.0,7.8,7.6,8.1,7.5,8.3,8.5,0,0,0,1,0,0,1,0,0,1,0,0,0,1,1,1,0,1,0,3.1
Dream Downtown,10011.0,1575.0,7.8,8.1,7.6,7.8,7.7,6.7,7.7,8.8,0,0,0,1,0,1,1,0,0,1,0,0,0,0,1,1,0,0,0,2.1
Wingate by Wyndham Manhattan Midtown,10001.0,1462.0,7.6,7.4,7.5,7.1,7.4,7.1,7.0,8.8,0,0,0,1,0,1,1,0,0,1,0,0,0,0,1,1,1,0,0,1.2
Cassa Hotel Times Square,10018.0,3892.0,8.1,8.1,8.1,7.7,8.9,7.4,8.7,8.4,0,0,0,1,0,1,1,1,0,1,0,0,0,0,0,1,0,0,0,1.1
Shoreham Hotel,10019.0,1529.0,7.5,7.7,7.0,6.7,8.0,6.8,3.8,9.1,0,0,0,1,0,1,1,1,0,0,0,0,0,0,1,1,0,0,1,2600.0
Today House - Times Square North,10019.0,21.0,9.3,9.1,9.1,9.2,9.2,9.1,7.5,10.0,0,0,0,0,0,1,0,0,0,1,0,0,1,0,0,1,0,0,0,2600.0
Tiffini,10027.0,126.0,8.8,9.0,8.7,8.5,9.4,8.6,9.5,8.6,0,0,0,0,0,1,0,0,1,1,1,1,0,0,0,0,0,0,0,3.1
Your Home in Harlem,10027.0,149.0,8.9,9.2,9.1,8.8,9.5,8.9,9.1,8.2,0,0,0,0,0,1,1,0,0,1,0,0,0,0,0,1,0,0,0,3.1
Dylan Hotel NYC,10017.0,1487.0,7.9,7.9,7.8,7.4,8.1,7.5,8.6,9.0,0,0,0,1,0,1,1,0,0,1,0,0,0,0,1,1,1,0,0,1.1
Empire Hotel,10023.0,3407.0,7.5,7.6,7.2,6.9,7.8,6.8,5.0,8.9,0,0,0,1,0,1,1,0,0,0,0,0,0,0,1,1,0,0,1,1300.0
Home NYC,10026.0,101.0,9.7,9.8,9.9,9.9,9.9,9.6,10.0,9.3,0,0,0,0,0,0,0,0,1,1,0,1,0,1,0,1,0,0,0,3.0
Private Room in Time Square,10036.0,68.0,9.0,8.8,8.2,8.6,9.6,8.8,9.6,9.8,0,0,0,0,0,0,1,0,1,1,0,0,0,0,0,1,0,0,0,0.8
Millennium Broadway Times Square,10036.0,3536.0,7.8,7.6,7.7,7.3,7.9,7.0,7.9,9.2,0,0,0,1,0,1,1,0,0,1,0,0,0,0,1,1,1,0,0,0.8
Midtown East Deluxe 2 Bedroom Apartment,10022.0,21.0,7.5,7.8,7.8,7.0,7.3,6.6,7.5,8.7,0,0,0,0,0,0,1,1,0,1,1,0,1,0,0,1,0,0,0,1.2
The Gatsby Hotel,10002.0,95.0,7.7,8.0,7.2,7.0,8.5,7.1,7.7,8.6,0,0,0,0,0,0,1,0,0,1,0,0,0,0,0,1,0,1,0,3.1
Hotel Central Fifth Avenue,10036.0,1850.0,7.6,7.7,7.1,6.8,7.7,7.1,8.6,9.2,0,0,0,0,0,1,1,0,0,1,0,1,0,1,0,1,0,0,0,0.9
Cachet Boutique Hotel NYC,10036.0,1318.0,7.9,8.1,7.9,7.6,8.1,7.3,8.0,8.6,1,0,0,0,0,1,0,0,0,1,0,1,0,1,0,1,0,0,0,1.0
La Quinta Inn & Suites New York City Central Park,10023.0,3015.0,7.5,7.8,6.7,6.9,8.2,6.9,8.3,8.8,0,1,0,0,0,0,0,0,1,1,0,0,1,0,0,1,0,1,0,0.6
Beautiful Manhattan Apartment,10128.0,15.0,7.7,7.7,7.2,7.5,8.8,6.8,8.3,4.0,0,0,1,0,0,0,1,0,1,1,1,0,0,0,0,0,0,0,0,2.0
Fairfield Inn & Suites by Marriott New York Manhattan/Fifth Avenue,10018.0,1403.0,8.4,8.5,8.0,7.9,8.8,7.8,8.7,9.3,0,0,0,1,0,0,1,0,0,1,0,0,0,1,0,1,0,1,0,1.2
Holiday Inn Manhattan 6th Ave - Chelsea,10001.0,2190.0,7.6,7.8,7.3,7.1,8.1,7.1,7.9,8.4,0,0,0,1,0,0,1,0,0,1,0,1,0,0,1,1,1,0,0,1.7
The Hotel @ New York City,10016.0,3852.0,7.5,7.7,7.6,7.0,7.3,7.3,6.9,8.3,0,0,0,1,0,0,1,0,0,1,0,0,0,1,0,1,0,1,0,1.7
"Perfect 3 BR, Midtown East, Doorman Apt",10022.0,14.0,7.2,7.7,6.8,6.8,7.2,7.0,7.5,8.0,0,0,0,0,0,1,0,0,0,1,0,0,1,0,0,1,0,0,0,1.1
"Hudson New York, Central Park",10019.0,9620.0,7.2,7.4,6.5,6.8,7.5,6.3,7.8,8.7,0,0,0,1,0,1,1,1,0,1,0,1,0,0,1,0,0,0,0,1000.0
Washington Jefferson at Times Square,10019.0,1317.0,7.7,7.9,6.9,6.8,8.5,6.8,7.6,9.0,0,0,0,1,0,1,1,0,0,1,0,0,0,0,0,1,1,0,0,2300.0
Heritage Hotel New York City,10010.0,3316.0,7.2,7.2,6.7,6.5,7.5,6.7,7.6,8.6,0,0,0,1,0,1,1,1,0,1,0,0,0,0,0,1,0,0,0,1.8
Solita Soho Hotel,10013.0,669.0,7.7,7.8,7.3,7.0,8.3,7.4,8.6,8.7,0,0,0,0,0,0,1,0,0,1,0,0,0,0,0,1,0,0,0,3.1
The Gallivant Times Square,10036.0,6556.0,7.2,7.2,6.9,6.6,7.1,6.6,7.7,9.1,0,0,0,1,0,1,1,0,0,1,0,0,0,0,1,1,1,0,0,3100.0
Concorde Hotel New York,10022.0,77.0,9.2,9.5,9.2,8.6,9.5,8.8,8.3,9.4,0,0,0,1,1,0,0,0,0,1,0,0,0,1,0,1,0,1,0,0.8
Times Square Lux Highrise,10036.0,104.0,7.0,6.9,7.1,7.1,6.7,6.3,8.8,8.0,0,0,0,1,0,1,1,0,0,1,0,0,0,0,0,1,0,0,0,1.0
Days Inn by Wyndham Hotel New York City-Broadway,10025.0,5582.0,6.8,6.6,6.4,6.1,7.3,6.3,6.7,7.8,0,0,0,0,0,1,1,0,0,1,0,0,0,1,0,1,0,1,0,1.8
Westgate New York City,10017.0,1438.0,7.5,7.7,7.5,7.0,7.6,6.9,5.7,8.3,0,0,0,1,0,0,1,0,0,0,0,1,0,0,1,1,1,0,1,1.4
Midtown East Spacious Apartment,10022.0,53.0,6.5,5.8,5.8,5.8,6.4,6.3,9.0,8.6,0,0,0,0,0,0,0,0,0,1,1,0,0,0,1,1,1,0,0,1.1
Amsterdam Court Hotel,10019.0,1861.0,7.3,7.0,6.6,6.3,8.0,6.7,4.9,9.1,0,0,0,0,1,0,1,0,0,0,0,0,0,0,1,1,0,1,1,2600.0
Hotel Stanford NYC,10001.0,2962.0,8.0,8.0,7.6,7.2,8.2,7.5,6.7,9.2,0,0,0,0,0,1,1,0,0,1,0,0,0,1,1,1,1,0,0,1.4
Night Hotel Times Square,10036.0,2946.0,7.5,7.7,6.7,6.9,8.0,6.8,8.2,9.2,0,0,0,1,0,1,1,0,0,1,0,1,0,0,0,1,0,0,0,0.7
Spacious Apartment in Prime Location,10024.0,22.0,7.6,7.3,7.6,7.5,7.6,7.6,10.0,8.2,0,0,0,0,0,0,0,0,1,1,0,0,0,0,1,0,1,0,0,1.3
DoubleTree by Hilton New York Times Square South,10018.0,1533.0,7.4,7.5,7.1,6.9,8.0,6.7,7.9,8.0,0,0,0,1,0,1,1,0,0,1,0,1,0,0,1,1,0,0,0,1.2
Hotel Marrakech,10025.0,3182.0,6.8,6.7,6.2,6.0,7.8,6.4,6.9,7.8,0,0,0,0,0,1,1,0,0,1,0,0,0,0,0,1,1,1,0,2.3
The Ludlow Hotel,10002.0,1568.0,9.1,9.5,9.2,9.1,9.1,8.3,9.5,9.3,1,0,0,0,0,0,1,0,0,1,0,1,0,0,1,1,1,0,0,3.1
The Quin,10019.0,1771.0,8.8,9.0,8.8,8.5,9.1,7.8,9.1,9.5,0,0,0,0,0,0,1,0,0,1,0,1,0,0,0,1,1,0,0,1800.0
The Marlton Hotel,10011.0,1359.0,8.7,9.2,8.4,8.4,8.9,7.8,9.2,9.5,0,0,0,0,0,0,0,0,0,1,0,1,1,0,1,0,1,1,0,2.6
FiDi 3bed/2baths,10038.0,5.0,8.2,8.5,7.5,8.5,8.5,7.0,9.0,2.0,0,0,0,0,0,0,0,0,0,1,1,0,1,0,0,1,0,0,0,3.7
Hotel Beacon,10023.0,3175.0,8.8,8.9,9.0,8.6,8.8,8.3,9.0,9.4,1,0,0,0,0,1,1,0,0,1,0,0,0,0,1,1,1,0,0,0.9
Beautiful apartment next to Central Park,10024.0,34.0,7.2,6.5,7.4,7.0,7.2,6.6,9.2,8.6,0,0,1,0,0,0,0,0,1,1,1,0,0,0,0,1,0,0,0,1.3
The Pearl Hotel,10019.0,1587.0,9.0,9.2,8.9,8.7,9.2,8.0,9.0,9.6,0,0,0,1,1,1,1,0,0,1,0,0,0,0,0,1,0,0,0,2800.0
Soho Grand Hotel,10013.0,1949.0,8.5,8.7,8.5,8.3,8.7,7.7,8.4,9.3,0,0,0,1,0,1,1,0,0,1,0,1,0,0,1,1,0,0,0,3.1
Oakwood Aurora Midtown East,10016.0,6.0,8.6,8.8,9.6,9.2,7.9,7.5,8.8,2.0,0,0,1,1,0,0,0,0,0,1,0,0,1,1,0,1,0,0,0,1.5
The Wagner Hotel,10004.0,122.0,9.3,9.6,9.5,9.1,9.5,8.6,7.9,9.5,0,0,0,0,0,0,1,0,0,1,0,1,0,0,1,1,1,1,0,4.3
Washington Square Hotel,10011.0,1578.0,8.6,8.8,8.3,8.1,9.0,7.9,8.9,9.6,0,0,0,1,0,0,1,0,0,1,0,0,0,0,1,1,1,0,0,2.6
Carnegie Hotel,10019.0,1226.0,8.9,9.4,8.8,8.5,9.1,8.1,9.0,9.6,0,1,0,0,0,0,0,0,0,1,0,0,1,1,0,1,0,1,0,1500.0
Pod 39,10016.0,7718.0,8.2,8.7,7.5,7.8,8.3,7.6,8.7,9.1,0,0,0,0,0,0,1,0,0,1,0,1,0,1,1,1,1,0,0,1.3
Murray Hill East Suites,10016.0,39.0,8.7,7.9,8.6,8.1,9.4,8.4,7.7,9.6,0,0,0,1,0,1,1,0,0,1,0,0,0,0,0,1,0,1,0,1.3
YOTEL New York Times Square,10036.0,2706.0,8.3,8.5,8.2,8.1,8.3,7.7,8.8,8.8,1,0,0,0,0,1,1,0,0,1,0,0,0,0,1,1,1,0,0,1.0
The Manhattan Club,10019.0,650.0,8.5,8.6,8.5,8.1,8.3,7.8,8.6,9.4,0,0,0,0,0,1,1,0,0,1,0,0,0,1,1,1,0,0,0,1150.0
Luxury Suites in Murray Hill,10016.0,17.0,8.3,8.5,8.2,8.0,7.8,8.1,10.0,9.0,0,0,0,1,0,1,0,0,0,1,1,1,0,0,0,1,0,0,0,1.6
The Knickerbocker,10036.0,2319.0,8.8,9.0,9.1,8.7,8.8,7.8,9.2,9.5,0,0,0,0,0,1,1,0,0,1,0,1,0,0,1,1,0,0,0,0.9
Pod Times Square,10036.0,3907.0,8.7,9.1,8.3,8.3,8.9,8.2,8.9,9.4,0,0,0,0,0,1,0,0,0,1,0,1,0,0,1,1,1,1,0,0.9
3 BEDROOM 1 BATHROOM TIMES SQUARE D,10019.0,29.0,8.2,7.9,7.8,7.8,8.3,8.3,8.8,9.3,0,0,1,0,0,1,0,0,0,1,1,0,0,0,0,1,0,0,0,2300.0
Studio Plus - Midtown Spacious Apartment,10001.0,27.0,7.4,7.1,7.0,7.3,7.5,6.8,8.3,8.3,0,0,1,0,0,1,0,0,0,1,1,0,1,0,0,1,0,0,0,1.5
Excelsior Hotel,10024.0,1114.0,8.4,8.7,8.5,8.0,8.3,7.9,5.4,9.2,1,0,0,0,0,1,0,0,0,0,0,0,0,1,1,1,1,0,1,1.1
Royalton Park Avenue,10016.0,1119.0,8.7,9.0,9.0,8.7,8.7,7.8,8.8,9.0,1,0,0,0,0,0,1,0,0,1,0,1,0,0,1,1,0,0,0,1.7
Embassy Suites By Hilton New York Midtown Manhattan,10018.0,145.0,8.4,8.4,8.5,8.2,8.1,7.7,8.2,9.3,0,0,0,1,0,1,1,0,0,1,0,1,0,0,1,1,0,0,0,1.2
The Bowery Hotel,10003.0,763.0,9.1,9.4,9.3,9.0,9.4,8.1,9.5,9.4,0,0,0,1,0,0,1,0,0,1,0,1,0,0,1,1,1,0,0,3.0
W New York - Times Square,10036.0,1748.0,7.9,8.0,7.9,7.6,8.0,6.8,6.2,9.1,1,0,0,0,0,1,1,0,0,0,0,1,0,0,1,1,0,0,1,0.7
Best Western Plus Hospitality House Suites,10022.0,602.0,8.5,8.6,8.4,8.0,8.8,8.0,8.7,9.1,0,0,0,1,0,1,1,0,0,1,0,0,0,0,0,1,1,0,0,1.0
Hilton Garden Inn New York/Midtown Park Avenue,10016.0,2304.0,8.6,8.9,8.4,8.2,8.7,7.9,8.4,9.1,1,0,0,0,1,1,0,0,0,1,0,0,0,1,1,1,0,0,0,1.5
"NYC Charmer, Central Park/Lincoln Center",10023.0,5.0,9.7,9.0,9.5,9.5,10.0,10.0,10.0,4.0,0,1,0,0,0,0,0,1,1,1,0,0,0,0,0,1,0,0,0,2600.0
Harlem Grand,10027.0,24.0,8.5,9.0,8.6,7.8,8.7,8.2,7.5,8.7,0,1,0,0,0,1,0,0,0,1,0,0,0,0,0,1,0,1,0,3.1
Hamilton Heights Lovely Apartments,10031.0,46.0,7.1,7.2,7.3,7.0,7.6,6.8,8.5,6.6,0,0,1,0,0,1,0,0,0,1,1,0,0,0,0,1,0,0,0,3.7
The Skyline Hotel New York,10019.0,930.0,8.0,8.1,8.1,7.6,8.1,7.6,4.1,8.5,0,0,0,1,0,1,1,0,0,0,0,1,0,0,0,0,0,0,1,0.6
Baccarat Hotel and Residences New York,10019.0,272.0,9.3,9.6,9.5,9.4,9.3,8.2,9.5,9.7,0,0,0,0,0,0,0,1,0,1,0,1,0,0,1,1,0,0,0,2950.0
The French Quarters,10036.0,1682.0,9.2,9.4,9.1,9.0,9.5,8.7,9.2,9.6,0,0,0,0,0,1,0,0,1,1,0,0,0,0,1,1,0,1,0,0.7
Renaissance New York Midtown Hotel,10001.0,1412.0,9.0,9.3,9.1,8.9,8.9,8.1,9.0,9.5,0,0,0,0,0,1,1,0,0,1,0,0,0,0,0,0,0,0,0,1.2
"The Renwick Hotel New York City, Curio Collection by Hilton",10016.0,928.0,8.5,8.7,8.7,8.1,8.4,7.8,8.8,9.3,0,0,0,0,0,1,1,0,0,1,0,0,0,1,0,1,1,0,0,1.3
Chelsea Pines Inn,10014.0,1097.0,8.4,8.6,7.9,7.8,8.7,8.1,8.6,9.3,0,1,0,0,0,0,1,0,0,1,0,0,0,0,0,1,0,1,0,2.2
HI NYC Hostel,10025.0,10889.0,8.5,8.6,8.1,8.6,8.7,8.2,8.9,8.5,0,0,0,0,0,1,0,1,0,1,0,0,0,1,0,1,1,0,0,2.3
CITY ROOMS NYC - Times Square,10036.0,589.0,8.7,8.7,8.0,7.9,9.3,8.4,9.3,9.6,0,1,0,0,0,0,0,0,0,1,0,0,0,0,0,1,0,1,0,0.6
Belnord Hotel,10024.0,3252.0,8.0,8.6,7.4,7.5,8.0,7.7,7.6,8.7,0,1,0,0,0,0,1,0,0,1,0,0,0,0,0,1,0,1,0,1.5
The Redbury New York,10016.0,3355.0,8.1,8.4,8.0,7.8,8.1,7.4,8.0,8.9,0,0,0,0,0,1,1,0,0,1,0,1,0,0,1,1,1,0,0,1.6
Refinery Hotel - New York,10018.0,764.0,8.9,9.1,9.0,8.7,9.2,8.0,9.1,9.4,0,0,0,1,0,0,1,0,0,1,0,1,0,0,1,1,1,0,0,1.1
The Surrey,10021.0,269.0,8.6,9.0,8.9,8.5,8.5,7.5,8.1,9.3,0,0,0,1,0,1,1,0,0,1,0,1,0,0,1,1,0,0,0,1.1
Millennium Hilton New York Downtown,10007.0,2651.0,8.2,8.3,8.3,8.0,8.1,7.6,5.8,9.1,1,0,0,0,0,1,1,0,0,0,0,0,0,0,1,1,0,0,1,3.7
Pod 51,10022.0,8007.0,8.0,8.5,7.4,7.6,7.9,7.6,8.8,8.9,0,0,0,0,0,0,1,0,0,1,0,0,0,0,1,1,1,1,0,1.1
Bryant Park Hotel,10018.0,1022.0,9.2,9.6,9.3,8.9,9.4,8.3,9.4,9.8,1,0,0,0,0,1,1,0,0,1,0,0,0,0,0,1,1,0,0,1.1
SpringHill Suites by Marriott New York Midtown Manhattan/Fifth Avenue,10018.0,681.0,8.5,8.7,8.3,8.0,8.8,7.5,9.1,9.3,0,0,0,1,0,1,1,0,0,1,0,0,0,1,0,1,0,0,0,1.2
Courtyard by Marriott New York Manhattan/Herald Square,10001.0,774.0,8.5,8.8,8.4,8.1,8.8,7.7,9.2,9.5,1,0,0,0,0,1,1,0,0,1,0,0,0,0,1,1,1,0,0,1.3
Royalton New York,10036.0,981.0,8.1,8.3,8.1,7.6,8.3,7.3,8.0,9.2,1,0,0,0,0,0,1,0,0,1,0,0,0,1,1,1,1,0,0,0.8
The Westin New York Grand Central,10017.0,1042.0,8.1,8.3,8.4,7.9,7.8,7.2,5.2,8.8,0,0,0,0,0,1,1,1,0,0,0,0,0,0,1,1,0,0,1,1.3
TEN15NYC,10018.0,242.0,8.2,8.5,7.9,7.8,7.9,7.8,9.1,9.4,0,0,1,0,0,1,0,0,0,1,1,0,0,0,0,1,0,0,0,1.1
Leo House,10011.0,2384.0,8.2,8.4,7.5,7.3,8.5,8.5,8.7,9.2,0,1,0,0,0,1,0,0,0,1,0,0,1,0,0,1,0,1,0,1.8
Fairfield Inn & Suites by Marriott New York Manhattan/Central Park,10019.0,523.0,8.6,9.0,8.5,8.4,9.2,8.0,9.0,8.5,0,0,0,0,0,0,1,0,0,1,0,0,0,0,1,1,0,1,0,2450.0
Premium Apartments-Time Square,10018.0,12.0,8.6,8.3,8.3,8.8,9.0,8.3,7.5,9.0,0,0,0,0,0,0,0,0,0,1,0,0,0,0,0,1,0,0,0,1.0
Stylish 2BR Apartment in UWS,10024.0,6.0,8.4,7.9,7.5,8.3,7.9,9.0,9.6,3.0,0,0,0,0,0,0,0,1,0,1,1,0,0,0,0,0,0,0,0,1.1
Hotel Metro,10001.0,1029.0,8.5,8.7,8.5,8.0,8.5,7.8,8.0,9.4,0,0,0,1,0,0,1,0,0,1,0,0,0,0,0,1,1,1,0,1.3
Mandarin Oriental New York,10023.0,209.0,8.6,9.0,8.9,8.5,8.9,7.0,6.6,9.3,0,0,0,0,0,1,1,0,0,0,0,0,0,0,1,1,0,0,1,500.0
The Maritime Hotel,10011.0,615.0,8.9,9.2,8.8,8.8,9.2,8.2,9.0,9.4,1,0,0,0,0,0,1,0,0,1,0,1,0,0,1,1,1,0,0,2.1
The Jane,10014.0,2622.0,8.0,8.1,7.0,7.6,8.7,7.9,8.2,8.9,0,1,0,0,0,0,1,0,0,1,0,0,0,0,1,0,1,1,0,2.5
NobleDEN Hotel,10013.0,900.0,9.0,9.6,9.2,8.7,9.0,8.5,8.8,9.3,0,0,0,0,0,0,0,0,0,1,0,0,0,1,0,1,1,1,0,3.1
Gardens Suites Hotel by Affinia,10065.0,437.0,8.4,8.6,8.6,8.1,8.6,7.6,8.1,8.9,0,0,0,1,0,1,1,1,0,1,0,0,0,0,0,1,0,0,0,1.0
Garden House with 2 Bedroom,10019.0,14.0,8.3,8.0,7.9,7.9,9.1,7.3,10.0,9.7,0,0,1,0,0,1,0,0,0,1,1,0,0,0,0,0,0,0,0,2950.0
Four Seasons Hotel New York,10022.0,88.0,8.8,9.3,8.8,8.6,9.0,7.6,9.5,9.3,0,0,0,1,0,0,1,0,0,1,0,1,0,0,1,1,0,0,0,0.7
Nice and Renovated Apartments near Times Square,10018.0,9.0,7.5,6.7,7.0,6.7,7.8,7.5,9.2,2.0,0,0,0,0,0,0,0,0,0,1,1,0,1,0,0,1,0,0,0,1.1
Hampton Inn Madison Square Garden,10001.0,1125.0,8.6,8.8,8.2,8.2,9.1,8.0,8.5,9.3,0,0,0,1,1,0,1,0,0,1,0,1,0,0,0,1,0,0,0,1.5
AC Hotel by Marriott New York Times Square,10018.0,27.0,8.4,8.6,8.3,8.3,8.5,7.5,8.8,9.1,0,0,0,1,0,0,0,0,0,1,0,0,0,1,1,1,1,1,0,1.0
Roger Smith Hotel,10017.0,596.0,8.5,8.5,8.4,7.9,8.8,8.0,8.9,9.3,0,0,0,1,1,1,1,0,0,1,0,0,0,0,1,1,0,0,0,1.0
Courtyard by Marriott New York Manhattan/ Fifth Avenue,10016.0,322.0,7.9,8.2,7.7,7.3,8.0,7.1,8.6,9.2,0,0,0,1,1,0,1,0,0,1,0,0,0,0,0,1,1,0,0,1.1
Hôtel Plaza Athénée,10065.0,546.0,8.6,9.0,8.6,8.3,9.0,7.7,8.7,9.3,0,0,0,1,0,1,1,0,0,1,0,1,0,0,1,1,0,0,0,0.7
Home In The Heart Of East Village,10009.0,6.0,7.0,6.3,6.7,7.1,8.3,5.8,7.5,7.9,0,0,1,0,0,1,0,0,0,1,1,0,0,0,0,1,0,0,0,2.9
Aloft Harlem,10027.0,931.0,8.5,8.8,8.6,8.4,8.9,7.9,8.5,8.2,1,0,0,0,0,0,1,0,0,1,0,1,0,1,1,1,0,0,0,3.1
PermaGO Seaport,10038.0,9.0,7.8,8.3,7.8,7.2,8.1,7.0,7.5,8.8,0,0,1,0,0,0,0,0,1,1,1,0,1,0,0,1,0,0,0,4.3
Broome Street Apartment - Lower East Side #19,10002.0,14.0,7.6,8.2,7.0,7.3,7.7,7.3,7.9,5.0,0,0,1,0,0,0,0,1,0,1,1,0,0,0,0,1,0,0,0,3.1
NYLO New York City,10024.0,1338.0,8.2,8.4,8.4,8.0,8.2,7.5,8.1,8.9,0,0,0,1,0,0,1,0,0,1,0,1,0,0,1,1,1,0,0,1.0
The Plaza,10019.0,487.0,8.5,8.8,8.9,8.5,8.4,7.4,6.5,9.3,1,0,0,0,0,1,1,0,0,0,0,1,0,0,1,1,0,0,1,2600.0
The Kimberly Hotel & Suites,10022.0,594.0,9.2,9.4,9.4,9.0,9.3,8.6,6.2,9.4,0,0,0,1,0,1,1,0,0,0,0,0,0,0,1,1,1,0,1,1.0
The Townhouse Inn of Chelsea,10011.0,337.0,8.6,8.7,8.4,8.2,9.0,8.3,8.2,9.3,0,1,0,0,0,1,0,0,0,1,0,0,1,0,1,1,0,0,0,1.8
Harlem Lofts,10027.0,13.0,9.2,10.0,9.4,9.4,9.2,8.5,8.8,8.7,0,0,0,0,0,0,0,0,0,1,1,1,0,0,0,1,0,0,0,3.1
Hotel Alexander,10025.0,45.0,8.1,8.0,7.7,7.6,8.3,8.4,6.2,8.6,0,1,0,0,0,1,0,0,0,1,0,0,1,0,0,1,0,1,0,1.9
3 West Club,10019.0,369.0,8.2,8.5,7.7,7.4,8.6,7.7,8.3,9.5,0,0,0,0,0,1,1,0,0,1,0,0,0,0,1,1,1,1,0,0.7
Beauty Near Times Square,10019.0,24.0,8.5,8.8,7.7,7.6,8.7,8.2,9.0,9.8,0,0,1,0,0,1,1,1,0,1,0,0,0,0,0,1,0,0,0,2300.0
The William,10016.0,715.0,8.9,9.2,9.1,8.7,9.0,8.2,9.0,9.4,0,0,0,0,0,1,1,0,0,1,0,0,0,0,0,0,0,0,0,1.2
"Hotel Henri New York, A Wyndham Hotel",10010.0,501.0,7.6,7.6,7.4,6.9,8.0,7.0,8.1,8.7,0,0,0,1,1,0,1,0,0,1,0,0,0,0,1,1,1,0,0,1.8
WestHouse Hotel New York,10019.0,704.0,8.2,8.4,8.4,7.9,8.5,7.1,8.9,9.1,0,0,0,0,0,1,1,0,0,1,0,1,0,1,1,1,0,0,0,1300.0
Fairfield Inn & Suites by Marriott New York Midtown Manhattan/Penn Station,10001.0,1103.0,8.5,8.7,8.5,8.2,8.6,7.9,8.6,9.2,0,0,0,0,0,0,1,0,0,1,0,0,0,1,1,1,0,1,0,1.3
Hotel Elysee by Library Hotel Collection,10022.0,656.0,9.1,9.4,9.0,8.7,9.5,8.6,9.1,9.7,0,0,0,0,1,0,1,0,0,1,0,0,0,1,1,1,1,0,0,0.7
New York Marriott Downtown,10006.0,587.0,8.4,8.7,8.4,8.1,8.5,7.7,6.9,9.0,0,0,0,0,0,1,0,0,0,1,0,0,0,1,1,1,1,0,0,4.3
Hotel Mimosa,10002.0,492.0,8.3,8.5,8.0,7.9,9.2,8.1,9.2,8.0,0,0,1,0,0,0,0,0,1,1,0,0,1,0,0,1,0,1,0,3.7
W New York - Union Square,10003.0,178.0,8.3,8.6,8.6,8.1,8.2,7.2,5.1,9.1,0,0,0,1,0,1,1,0,0,0,0,1,0,0,1,1,0,0,1,2.2
Athenas Domus CS,10011.0,31.0,9.4,9.8,9.5,9.5,9.1,8.9,10.0,9.5,0,0,0,0,0,0,0,0,0,1,0,0,0,0,0,0,0,0,0,2.0
"The Chatwal, a Luxury Collection Hotel, New York City",10036.0,123.0,8.9,9.4,9.0,8.7,9.1,7.8,8.4,9.6,0,0,0,1,0,1,1,0,0,1,0,0,0,0,1,1,0,0,0,0.8
Hotel Mulberry,10013.0,717.0,8.6,9.0,8.7,8.1,8.9,8.2,8.1,8.6,0,0,0,0,1,1,1,0,0,1,0,0,0,1,0,1,0,0,0,3.7
Hotel Giraffe by Library Hotel Collection,10016.0,455.0,9.4,9.6,9.5,9.1,9.7,8.8,9.4,9.6,0,0,0,0,1,1,1,0,0,1,0,0,0,0,1,1,1,0,0,1.8
Fitzpatrick Manhattan,10022.0,543.0,8.8,9.1,8.8,8.3,9.1,8.2,4.8,9.3,0,0,0,0,1,0,1,0,0,0,0,0,0,1,1,1,1,0,1,0.9
Renaissance New York Times Square Hotel,10036.0,348.0,8.2,8.3,8.3,7.8,8.2,7.1,6.3,9.5,0,0,0,0,0,1,1,0,0,1,0,1,0,0,0,1,0,0,0,0.6
The Sherry Netherland,10022.0,183.0,9.3,9.5,9.5,9.0,9.6,8.5,9.4,9.8,0,0,0,1,0,0,1,0,0,1,0,1,0,0,0,1,1,0,0,2950.0
Nice Apartment in the Heart of Upper East Side,10028.0,18.0,8.5,8.2,8.3,8.3,8.3,8.5,10.0,9.2,0,0,0,0,0,1,0,0,0,1,1,0,0,0,0,1,1,0,0,1.8
Sago Hotel,10002.0,204.0,8.8,9.2,8.9,8.6,9.1,8.0,9.0,9.0,0,0,0,1,1,1,0,0,0,1,0,0,0,0,1,1,1,0,0,3.1
Jun New York Mid Town II,10001.0,30.0,8.3,7.9,7.8,7.9,8.3,8.1,9.4,9.6,0,0,1,0,0,1,0,0,0,1,1,0,1,0,0,1,0,0,0,1.5
Library Hotel by Library Hotel Collection,10017.0,464.0,9.3,9.6,9.2,9.2,9.7,8.4,9.6,9.6,0,0,0,0,1,1,1,0,0,1,0,0,0,0,1,1,1,0,0,1.1
The Marmara Manhattan,10128.0,170.0,8.7,8.6,8.9,8.4,9.1,8.2,8.1,8.8,0,0,0,1,0,1,1,0,0,1,0,1,0,0,0,1,0,0,0,2.1
Lower East Side 3 Bedroom,10002.0,14.0,8.2,8.9,8.8,8.4,8.4,7.7,7.0,4.0,0,0,1,0,0,1,0,0,0,1,0,0,1,1,0,1,0,0,0,3.1
San Carlos Hotel New York,10022.0,999.0,8.9,9.1,8.9,8.6,9.4,8.3,9.2,9.3,1,0,0,0,0,1,1,0,0,1,0,0,0,0,1,1,1,0,0,1.0
Jenny's Apartments - Upper East Side,10029.0,40.0,8.8,9.5,8.6,8.1,9.5,8.6,9.5,8.2,0,0,1,0,0,1,0,0,1,1,0,0,0,0,0,1,0,0,0,2.6
Athenas Domus HL,10011.0,14.0,8.6,8.9,8.4,8.6,8.6,8.4,9.2,8.8,0,0,0,0,0,0,0,0,0,1,1,1,1,0,0,1,0,0,0,2.1
Serviced Concierge Elevator 1 BDR,10017.0,9.0,8.3,7.0,7.5,8.3,9.5,7.8,7.5,9.5,0,0,0,0,0,0,1,0,0,1,0,0,0,1,0,1,0,1,0,1.3
Super Comfortable Times Sqr Central Park Broadway,10019.0,67.0,8.4,8.1,7.8,8.2,8.6,8.1,8.8,9.5,0,0,1,0,0,1,0,0,0,1,1,0,0,0,0,1,0,0,0,1800.0
Modern Three Bedroom Apartment - Upper East Side,10075.0,10.0,8.3,9.0,8.3,8.8,7.8,7.3,10.0,8.8,0,0,0,0,0,1,1,1,0,1,0,1,0,0,0,1,0,0,0,1.5
Gild Hall - A Thompson Hotel,10038.0,720.0,9.0,9.3,9.2,8.9,9.4,8.5,8.7,9.0,1,0,0,0,0,0,1,0,0,1,0,1,0,0,1,1,1,0,0,4.3
Jazz on Columbus Circle Hostel,10019.0,2655.0,8.0,8.1,7.6,7.5,7.8,7.6,7.8,9.3,0,1,0,0,0,0,0,0,0,1,1,0,0,1,0,1,0,1,0,1000.0
Fitzpatrick Grand Central,10017.0,636.0,9.0,9.2,9.0,8.6,9.3,8.4,4.3,9.5,0,0,0,0,1,0,1,0,0,0,0,0,0,1,1,1,1,0,1,1.1
The High Line Hotel,10011.0,242.0,8.6,8.8,8.8,8.1,8.9,7.4,9.3,9.2,0,0,0,1,0,0,1,0,0,1,0,1,0,1,1,1,0,0,0,2.0
Michelangelo Hotel,10019.0,1108.0,8.8,9.1,9.1,8.5,8.6,8.0,8.3,9.4,0,0,0,1,1,1,1,0,0,1,0,0,0,1,1,0,0,0,0,2450.0
The Premier Times Square by Millennium,10036.0,708.0,8.2,8.4,8.2,7.6,8.1,7.4,8.3,9.4,0,0,0,1,0,0,1,1,0,1,0,0,0,0,1,1,1,0,0,0.8
Edge Hotel Washington Heights,10032.0,371.0,8.6,9.2,8.5,8.4,9.3,7.9,9.2,8.3,0,0,0,1,0,0,1,0,0,1,0,0,0,0,0,1,0,1,0,5.0
NYC Townhouse,10031.0,13.0,9.1,9.6,9.1,9.1,9.6,8.7,8.3,9.0,0,0,0,1,0,1,1,1,0,1,0,0,0,0,0,0,0,1,0,3.7
The Gallery House,10030.0,107.0,8.5,8.8,8.2,8.2,9.5,8.2,9.8,8.4,0,0,1,0,0,1,0,0,0,1,1,0,0,0,0,0,0,0,0,3.7
Ivy Tower Suites in Times Square,10036.0,9.0,8.3,8.1,7.8,8.3,8.6,8.1,7.5,9.2,0,0,1,1,0,1,0,0,0,1,0,1,0,0,0,1,0,0,0,0.8
Jun New York Mid Town I,10001.0,18.0,8.4,7.8,8.2,8.2,8.8,7.9,7.5,9.6,0,0,1,0,0,1,1,0,0,1,0,0,1,0,0,1,0,0,0,1.5
Duane Street Hotel Tribeca,10013.0,275.0,8.6,8.7,8.3,8.1,9.3,7.9,8.8,9.1,0,0,0,0,0,1,1,0,0,1,0,1,0,0,0,1,1,0,0,3.7
Jun New York Mid Town III,10001.0,49.0,8.6,8.3,8.5,8.3,8.8,8.3,10.0,9.6,0,0,1,0,0,1,1,0,0,1,0,0,1,0,0,1,0,0,0,1.5
Courtyard New York Manhattan/Upper East Side,10128.0,796.0,8.1,8.6,8.3,7.9,8.2,7.6,8.8,8.1,1,0,0,0,0,0,1,0,0,1,0,0,0,1,0,1,0,1,0,2.1
Historic Harlem Duplex,10027.0,163.0,8.4,8.5,8.2,8.3,8.6,8.2,9.4,8.5,0,0,0,0,0,1,0,0,0,1,0,1,0,0,0,1,0,0,0,3.1
"The Algonquin Hotel Times Square, Autograph Collection",10036.0,159.0,8.6,9.0,8.5,8.0,8.7,7.7,9.2,9.5,0,0,0,1,0,1,1,0,0,1,0,1,0,0,1,1,0,0,0,0.8
"Broadway, Times Square, Central Park Studio",10019.0,18.0,8.3,8.4,7.9,8.2,8.6,7.9,9.4,8.9,0,0,1,0,0,1,0,0,0,1,1,0,0,0,0,1,0,0,0,2800.0
The Wall Street Inn,10004.0,488.0,8.6,9.1,8.8,8.3,8.1,8.1,8.7,9.1,0,0,0,1,0,1,1,0,0,1,0,0,0,1,0,1,0,0,0,4.3
The Marmara Park Avenue,10016.0,413.0,8.8,9.2,9.0,8.8,9.0,8.2,9.4,8.9,0,0,0,1,0,1,1,0,0,1,0,0,0,0,0,1,0,0,0,1.6
West 119th B&B,10026.0,63.0,9.3,9.5,9.2,9.2,9.7,9.1,7.5,8.9,0,0,1,0,0,0,0,0,0,1,1,0,0,0,0,0,0,0,0,3.0
The Greenwich Hotel,10013.0,123.0,9.4,9.8,9.6,9.5,9.6,8.5,8.9,9.6,0,0,0,0,0,0,1,0,0,1,0,1,0,0,1,1,0,0,0,3.1
Three-Bedroom Apartment West 25th Street,10022.0,15.0,7.6,7.7,6.8,8.0,7.7,6.8,8.8,8.7,0,0,1,0,0,1,0,0,0,1,1,0,0,0,0,1,0,0,0,1.7
Casablanca Hotel by Library Hotel Collection,10036.0,498.0,9.5,9.7,9.4,9.2,9.8,8.8,9.5,9.9,0,0,0,0,1,1,1,0,0,1,0,0,0,0,0,1,1,0,0,0.8
Times Square Perfect Home,10019.0,23.0,8.6,8.8,8.3,8.2,8.8,7.6,10.0,9.0,0,1,0,0,0,1,1,0,0,1,0,0,0,0,0,1,0,0,0,2300.0
Two Bedroom Apartment - East 34th Street,10016.0,21.0,7.9,7.8,7.4,7.8,8.5,7.0,10.0,9.2,0,0,1,0,0,1,0,0,0,1,1,0,1,0,0,0,0,0,0,1.5
Holiday Inn New York City - Times Square,10018.0,401.0,8.1,8.4,7.9,7.7,8.4,7.3,8.6,8.9,1,0,0,0,1,0,1,0,0,1,0,0,0,0,1,1,1,0,0,1.0
Shelburne Hotel & Suites by Affinia,10016.0,829.0,8.2,8.3,8.4,7.9,8.2,7.5,8.4,8.9,1,0,0,0,0,1,1,0,0,1,0,1,0,0,1,1,0,0,0,1.4
"The Ritz-Carlton New York, Central Park",10019.0,139.0,8.7,9.1,8.9,8.7,8.9,7.3,7.5,9.3,0,0,0,0,0,1,1,1,0,0,0,0,0,0,1,1,0,0,1,1950.0
The James New York - SoHo,10013.0,356.0,8.2,8.2,8.3,8.1,8.6,7.0,8.9,8.9,0,0,0,1,0,1,1,0,0,1,0,0,0,0,1,1,0,0,0,3.1
Large 1 Bedroom Chinatown,10013.0,19.0,9.2,9.5,9.0,9.2,9.2,9.2,10.0,9.1,0,0,1,0,0,0,0,0,0,1,1,0,0,0,0,0,0,0,0,3.1
Full Studio Near The Central Park,10019.0,45.0,8.0,8.0,7.8,7.6,8.2,7.6,8.2,9.0,0,0,1,0,0,1,0,0,0,1,1,0,0,0,0,0,0,0,0,1650.0
Central Park N Residence,10026.0,13.0,8.5,8.7,9.1,8.7,8.7,8.5,7.5,7.5,0,0,1,0,0,0,1,0,0,1,1,0,1,0,0,0,0,0,0,2.9
Lowell Hotel,10065.0,31.0,9.0,9.7,9.1,8.7,9.0,7.6,8.8,9.5,0,0,0,1,0,1,1,0,0,1,0,1,0,0,1,0,1,0,0,0.7
The Madison House,10038.0,54.0,8.8,9.2,8.5,8.7,9.0,8.8,7.5,8.5,0,0,1,0,0,1,0,0,0,1,1,0,0,0,0,0,0,0,0,3.7
Sweet Home,10019.0,10.0,9.4,9.5,9.3,9.8,9.5,9.0,9.3,8.0,0,0,0,0,0,1,1,1,0,1,0,0,1,0,0,1,0,0,0,2600.0
The Tuscany - A St Giles Signature Hotel,10018.0,810.0,8.6,8.8,9.0,8.2,8.6,8.2,7.4,9.2,0,0,0,0,0,0,1,0,0,0,0,0,0,1,1,1,0,1,1,1.3
Wyndham Midtown 45,10017.0,163.0,7.9,8.0,7.9,7.6,8.1,7.1,7.3,8.6,0,0,0,1,0,1,1,0,0,1,0,0,0,1,0,1,0,0,0,1.2
Midtown West Suites at 48th Street and Times Square,10036.0,37.0,8.4,8.3,7.9,8.3,8.1,8.2,10.0,9.8,0,0,0,0,0,1,0,0,0,1,0,0,1,0,0,1,0,0,0,2950.0
Fairfield Inn & Suites New York Manhattan/Downtown East,10002.0,999.0,8.3,8.8,8.4,8.3,8.7,8.2,9.0,7.5,0,0,0,1,1,1,1,0,0,1,0,0,0,0,0,1,0,0,0,3.7
The Broome,10013.0,296.0,9.2,9.5,9.1,8.8,9.5,8.3,9.4,9.6,0,0,0,1,0,0,0,0,0,1,0,0,0,1,0,1,0,1,0,3.1
Manhattan Studio Apartment mid-west,10019.0,54.0,7.9,8.0,7.2,7.7,8.7,7.2,9.6,8.4,0,0,1,0,0,0,0,0,0,1,1,0,0,0,0,1,0,0,0,0.7
Great View Midtown East 2BR apt,10022.0,7.0,8.3,7.9,7.5,8.2,8.6,8.3,9.2,4.0,0,0,0,0,0,1,0,1,0,1,1,0,0,0,0,0,1,0,0,1.1
Lex Hotel NYC,10010.0,288.0,8.8,9.3,8.5,8.2,9.5,8.4,9.1,8.9,0,1,0,0,0,0,1,0,0,1,0,1,0,0,0,1,0,1,0,1.9
CITY ROOMS NYC - Soho,10013.0,1226.0,8.1,8.1,7.6,7.5,9.1,7.7,8.9,8.7,0,1,0,0,0,0,0,0,0,1,0,0,1,1,0,1,0,1,0,3.1
West 57th Street by Hilton Club,10019.0,24.0,8.7,9.0,8.9,8.3,8.8,7.8,8.6,9.7,0,0,0,0,1,1,1,0,0,1,0,0,0,1,0,1,0,0,0,1800.0
Travel Inn - Midtown Manhattan,10036.0,1305.0,7.6,7.7,7.3,7.1,7.2,7.3,4.0,8.7,0,0,0,0,0,0,1,0,0,0,0,0,0,1,0,1,0,1,1,0.9
The Cozy Apartment,10001.0,16.0,7.1,6.6,6.3,6.6,6.7,7.2,8.1,9.4,0,0,0,0,0,1,0,0,0,1,0,0,1,0,0,1,0,0,0,1.5
Omni Berkshire Place,10022.0,311.0,8.7,8.9,8.8,8.3,8.6,7.9,5.6,9.6,0,0,0,1,0,1,1,0,0,0,0,1,0,0,1,1,0,0,1,0.7
Soul Food (Mont Morris),10027.0,447.0,8.8,9.2,8.8,8.6,9.1,8.8,8.5,8.3,0,1,1,0,0,0,0,0,0,1,1,0,0,0,0,1,0,0,0,3.1
Three Bedroom Apartment - West 148th Street,10031.0,29.0,8.0,8.4,8.2,7.7,8.1,7.4,10.0,8.0,0,0,1,0,0,1,0,1,0,1,1,0,0,0,0,1,0,0,0,4.3
Stewart Hotel,10001.0,3787.0,7.8,7.6,7.6,7.4,8.1,7.1,8.3,8.9,1,0,0,0,0,1,1,0,0,1,0,1,0,0,1,1,0,0,0,1.5
414 Hotel,10036.0,329.0,9.2,9.5,9.0,8.5,9.9,8.5,9.7,9.7,0,1,1,0,0,0,0,0,0,1,0,0,0,0,0,1,0,1,0,0.7
The Benjamin,10022.0,755.0,8.1,8.2,8.2,7.7,8.4,7.3,7.9,9.0,1,0,0,0,0,1,1,0,0,1,0,1,0,0,1,1,0,0,0,1.0
Colonial House Inn,10011.0,474.0,8.2,8.6,7.5,7.6,8.9,7.7,8.1,9.1,0,1,0,0,0,1,0,1,0,1,0,0,0,0,0,1,0,1,0,1.9
Avalon Hotel,10016.0,961.0,8.4,8.6,8.4,7.9,8.6,7.7,8.4,9.1,0,0,0,1,0,1,1,0,0,1,0,0,0,1,0,1,0,0,0,1.5
SoHo Garden Hotel,10013.0,1625.0,7.8,8.0,7.2,7.1,8.4,7.4,8.0,8.5,0,0,1,0,0,1,0,0,0,1,0,0,1,0,0,1,0,1,0,3.1
Incentra Village Hotel,10014.0,176.0,7.8,7.8,7.5,7.0,8.2,7.3,8.9,9.2,0,1,0,0,1,0,0,0,0,1,0,0,0,0,0,1,0,1,0,2.4
One Bedroom Apartment - Two Columbus Place,10019.0,9.0,7.5,7.0,7.2,7.5,7.5,6.7,9.2,2.0,0,0,1,0,0,0,0,0,0,0,1,0,1,0,0,1,0,0,1,1150.0
NYC Townhouse Apartment,10026.0,34.0,8.7,8.5,8.2,8.5,9.6,8.2,10.0,9.0,0,0,1,0,0,1,1,0,0,1,1,0,0,0,0,0,0,0,0,3.0
Off SoHo Suites Hotel,10002.0,503.0,7.9,7.8,7.5,7.3,8.3,8.0,8.1,8.7,0,0,0,1,0,1,0,0,1,1,0,0,1,0,0,0,0,1,0,3.1
Luxurious Two Bedroom Apartment in Doorman Building - Lincoln Center,10023.0,11.0,8.1,8.9,8.4,8.2,7.5,7.3,8.4,6.0,0,0,0,1,0,1,1,0,0,1,0,1,0,0,0,1,0,0,0,0.6
Comfort Inn Midtown West,10036.0,465.0,7.9,8.0,7.6,7.5,8.5,7.5,8.0,8.1,0,0,1,0,0,0,1,0,0,1,1,0,1,0,0,1,0,0,0,0.7
"Night Hotel Theater District, Times Square",10036.0,641.0,7.8,8.0,7.3,7.1,8.1,7.0,7.8,9.2,1,0,0,0,0,1,1,0,0,1,0,1,0,0,1,1,0,0,0,0.8
"Studio 2 min Walk to Times Square, 9th Ave and Central Park",10019.0,29.0,8.0,7.9,7.8,7.7,8.7,7.3,10.0,9.0,0,0,1,0,0,1,0,0,0,1,1,0,0,0,0,1,0,0,0,1800.0
The Ridge Hotel,10002.0,1413.0,7.9,8.0,7.3,7.3,8.7,7.6,7.4,8.7,0,0,0,0,1,0,1,0,0,1,0,0,0,1,1,1,0,1,0,3.1
Hampton Inn Seaport Financial District,10038.0,350.0,8.1,8.4,7.9,7.7,8.7,7.7,8.4,9.0,0,0,0,1,0,0,1,0,0,0,0,0,0,1,0,1,0,1,0,3.7
Nap York,10018.0,173.0,8.3,8.6,7.8,7.8,8.5,7.7,8.1,9.3,0,1,1,0,0,0,0,0,0,1,1,0,0,0,0,1,0,1,0,1.2
The GEM Hotel - Chelsea,10011.0,1976.0,7.7,7.7,6.9,7.0,8.5,7.2,8.1,8.8,0,0,0,1,0,0,1,0,0,1,0,0,0,0,1,1,0,1,0,1.9
Wyndham Garden Chinatown,10002.0,550.0,8.0,8.6,8.1,7.8,8.0,7.5,8.3,8.2,0,0,0,1,0,1,1,0,0,1,0,1,0,0,1,1,0,0,0,3.1
Apartments Lincoln Center,10023.0,42.0,8.2,8.0,7.9,7.5,8.3,7.8,7.7,9.6,0,0,1,0,0,0,0,0,0,1,1,0,1,0,0,1,0,0,0,1950.0
Courtyard by Marriott New York Manhattan / Soho,10014.0,195.0,8.6,8.8,8.6,8.2,9.1,7.9,8.9,9.0,0,0,0,1,0,1,1,0,0,1,0,0,0,0,0,1,1,0,0,3.1
Newly Renovated Three Bedroom Lower East Side,10002.0,13.0,8.3,8.5,7.1,7.9,9.6,7.9,10.0,9.1,0,0,0,0,0,1,1,0,0,1,0,1,0,0,0,0,0,0,0,3.1
Hotel St. James,10036.0,635.0,7.9,8.0,7.2,6.9,8.4,7.7,8.1,9.4,0,0,0,0,0,1,0,1,0,1,0,0,0,1,0,1,0,1,0,0.8
Spacious studio in an elevator concierge building,10017.0,9.0,8.3,7.8,7.5,7.8,8.9,8.1,10.0,9.5,0,0,0,0,0,0,0,0,0,1,1,0,1,0,0,1,0,0,0,1.4
"Marriott Vacation Club Pulse, New York City",10018.0,141.0,8.5,9.0,8.2,7.8,9.1,7.4,9.0,9.2,0,0,0,1,0,0,1,0,0,1,0,0,0,0,1,1,1,1,0,1.2
Times Square Studio,10019.0,41.0,8.3,7.7,7.9,8.2,8.6,8.0,8.3,9.2,0,0,1,0,0,1,0,0,0,1,1,0,0,0,0,1,0,0,0,1650.0
Holiday Inn Lower East Side,10002.0,216.0,8.1,8.7,8.2,7.8,8.7,7.4,8.6,7.9,1,0,0,0,1,1,0,0,0,1,0,0,0,0,1,1,1,0,0,3.1
The Marc Suites at Times Square,10019.0,18.0,8.7,8.3,8.8,9.0,8.1,8.8,10.0,9.5,0,0,1,1,0,1,0,0,1,1,0,0,1,0,0,0,0,0,0,1650.0
Hotel 31,10016.0,2124.0,8.1,8.7,7.4,7.3,8.2,7.9,7.5,9.1,0,1,0,0,0,1,0,0,0,1,0,0,1,0,0,1,0,1,0,1.6
Hotel Newton,10018.0,1317.0,7.7,8.1,7.3,7.0,7.8,7.4,4.7,8.5,0,0,0,0,1,1,1,0,0,0,0,0,0,1,0,1,0,0,1,1.8
Four Bedroom Apartment - NYC,10027.0,15.0,8.8,9.2,8.3,8.7,9.2,8.5,8.8,9.0,0,0,1,0,0,0,1,0,0,1,1,0,0,0,0,1,0,0,0,3.1
The Modern @ Rockefeller,10036.0,14.0,8.0,7.9,7.5,8.0,7.5,7.3,9.7,3.0,0,0,0,1,0,0,0,0,0,1,1,0,1,0,0,1,0,0,0,0.7
Hotel Americano,10001.0,251.0,8.0,8.6,7.8,7.9,8.6,7.2,8.5,8.2,0,0,0,0,0,0,1,0,0,1,0,1,0,0,1,1,1,0,0,1.7
Hotel Mela Times Square,10036.0,1762.0,7.8,8.0,7.5,7.1,8.1,7.0,6.7,9.3,0,0,0,1,0,0,1,0,0,0,0,1,0,0,1,1,1,0,1,0.8
Be Local Chinatown,10038.0,45.0,8.5,8.8,7.8,8.3,9.1,8.5,8.0,8.3,0,1,1,0,0,1,0,0,0,1,1,0,0,0,0,1,0,0,0,3.7
PermaGO Wall Street,10038.0,98.0,8.3,8.0,8.2,8.3,8.2,8.0,9.3,9.1,0,0,1,0,0,1,0,0,0,1,1,0,1,0,0,1,0,0,0,3.7
W New York - Downtown,10006.0,362.0,8.0,8.1,8.2,7.7,8.0,7.4,4.6,8.5,0,0,0,1,0,1,1,0,0,0,0,1,0,0,1,1,0,0,1,4.3
Home Away From Home,10016.0,63.0,7.8,7.4,7.3,6.9,8.2,7.6,7.3,9.4,0,0,1,0,0,1,0,0,0,1,1,0,1,0,0,1,0,0,0,1.6
Park Lane Hotel - A Central Park Hotel,10019.0,6930.0,7.6,7.4,7.6,7.0,7.6,6.8,7.7,9.3,0,0,0,1,0,0,1,0,0,0,0,1,0,0,1,1,1,0,1,2150.0
Holiday Inn Express - Wall Street,10005.0,738.0,8.1,8.3,7.6,7.7,8.5,7.6,7.8,8.6,0,0,0,1,0,0,1,0,0,1,0,0,0,1,0,1,0,1,0,4.3
Park Central,10019.0,5597.0,7.9,8.1,8.0,7.4,7.5,7.0,8.3,9.1,0,0,0,1,0,0,1,1,0,1,0,0,0,1,1,1,0,0,0,1300.0
Manhattan Studio in Hells Kitchen,10036.0,43.0,8.8,9.0,8.3,8.7,9.4,8.3,9.6,8.9,0,0,0,0,0,0,0,0,0,1,1,0,0,0,0,1,0,0,0,0.7
Lita's New York Apartments,10031.0,76.0,8.4,9.2,8.2,8.1,9.0,7.7,8.8,8.2,0,0,1,0,0,1,1,0,0,1,1,0,0,0,0,1,0,0,0,4.3
Little Italy Grand,10013.0,37.0,8.2,8.4,7.8,8.1,8.9,7.6,10.0,8.6,0,0,1,0,0,1,0,0,0,1,1,0,0,0,0,1,0,0,0,3.1
The Park Ave North,10035.0,556.0,7.7,8.4,7.8,7.5,8.0,7.7,7.9,6.8,0,1,1,0,0,1,0,0,0,1,0,0,0,0,0,1,0,0,0,3.1
Huge 2 Bed 2 Bath Apartment in Building with Elevator,10065.0,7.0,8.5,7.5,8.2,8.2,9.3,7.9,9.7,3.0,0,0,0,0,0,0,0,0,0,1,1,0,1,0,0,1,0,0,0,1.2
Chelsea Inn,10011.0,1286.0,7.4,7.5,6.8,6.8,7.7,7.1,7.5,8.8,0,1,1,0,0,0,0,0,0,1,1,0,0,0,0,1,0,1,0,2.1
New York Marriott East Side,10017.0,303.0,7.8,7.9,7.7,7.4,7.9,7.0,5.1,8.8,0,0,0,1,0,1,1,0,0,1,0,0,0,0,1,1,1,0,0,1.0
Green Holidays Apartments,10001.0,275.0,7.4,7.4,6.8,6.8,7.4,6.9,7.6,8.9,0,0,0,0,0,1,0,1,0,1,0,0,1,1,0,1,0,0,0,1.5
Apartment Close to Time Square,10019.0,39.0,8.4,8.0,8.0,7.8,8.6,8.1,9.7,9.6,0,0,1,0,0,1,0,0,0,1,1,0,0,0,0,1,0,0,0,1650.0
PermaGO FiDi,10038.0,51.0,8.3,8.2,8.1,8.2,8.3,8.0,9.3,8.8,0,0,1,0,0,1,0,0,0,1,0,0,1,0,1,1,0,0,0,3.7
Maison le Grange,10032.0,30.0,9.1,9.3,9.2,9.1,9.3,9.0,10.0,8.8,0,0,0,0,0,0,1,1,0,1,0,0,0,1,0,1,0,0,0,5.0
Saint Nicholas Inn,10032.0,79.0,8.0,7.7,7.8,7.6,8.6,8.1,8.4,8.0,0,1,1,0,0,0,1,0,0,1,1,0,0,0,0,0,0,0,0,4.3
Comfort Inn Times Square West,10034.0,528.0,8.0,7.7,7.6,7.5,8.0,7.7,8.5,9.2,0,0,0,0,0,0,1,0,0,1,0,0,0,0,0,1,0,0,0,0.8
Holiday Inn Wall Street,10038.0,629.0,7.9,8.1,7.8,7.4,8.4,7.4,8.7,8.5,0,0,0,1,1,1,0,0,0,1,0,0,0,0,1,1,1,0,0,4.3
"Times Sq, Broadway, Central Pk- Steps Away",10019.0,38.0,8.2,8.2,8.0,7.9,8.2,7.8,9.4,9.2,0,0,1,0,0,1,0,0,0,1,1,0,0,0,0,1,0,0,0,1650.0
3/2 Central Park #4,10019.0,6.0,8.0,8.3,8.3,8.3,8.5,6.3,8.3,4.0,0,0,0,0,0,1,1,0,0,1,0,0,0,0,0,0,0,0,0,650.0
Holiday Inn Express Manhattan Midtown West,10036.0,243.0,7.7,8.0,7.5,7.5,8.1,7.1,8.4,7.9,0,0,0,1,0,0,1,1,0,1,0,0,0,1,0,1,0,0,0,0.7
Renovated 3 Bedroom Loft Manhattan #44,10002.0,25.0,8.1,8.9,7.9,8.2,8.6,7.3,8.8,7.8,0,0,1,0,0,0,0,1,0,1,1,0,0,0,0,1,0,0,0,3.7
Loft with Central Park View,10025.0,54.0,8.7,8.9,8.4,8.4,9.2,8.1,9.2,9.0,0,0,0,0,0,0,0,1,0,1,0,0,0,0,1,1,1,0,0,2.6
Studio Apartment - East 31st Street #30,10016.0,26.0,7.8,7.7,7.6,7.0,7.6,7.6,10.0,9.1,0,0,1,0,0,0,0,1,0,1,1,0,0,1,0,1,0,0,0,1.6
6 Columbus - A SIXTY Hotel,10019.0,286.0,7.6,7.8,7.1,7.0,7.8,6.6,7.5,9.1,0,0,0,0,1,1,1,0,0,1,0,0,0,0,1,1,1,0,0,500.0
Studio Plus - Cozy Apartments,10001.0,250.0,7.1,6.5,6.6,6.6,7.4,6.8,8.2,8.6,0,0,1,0,0,0,0,0,0,1,1,0,1,0,0,1,0,0,0,1.5
Seafarers International House,10003.0,1858.0,7.5,7.3,6.7,6.6,7.7,7.7,5.7,9.0,0,0,0,0,0,1,0,0,0,1,0,0,1,1,0,1,0,1,0,2.4
Sunny Three Bedroom Apartment Lower East Side,10002.0,7.0,7.9,7.5,7.5,8.2,8.8,7.5,10.0,7.9,0,0,0,0,0,1,1,0,0,1,0,1,0,0,0,1,0,0,0,3.1
Hamilton Heights: Luxurious 2 Bedroom Home,10031.0,18.0,8.0,8.2,8.1,7.8,7.7,7.5,10.0,8.5,0,0,1,0,0,1,0,0,0,1,1,0,0,0,0,0,0,0,0,3.7
Da Vinci Hotel,10019.0,1097.0,7.6,7.7,7.0,6.8,7.8,7.2,7.7,9.1,0,0,0,0,1,0,1,0,0,1,0,0,0,0,1,1,1,1,0,1000.0
Parker New York,10019.0,611.0,7.7,7.9,7.6,7.3,8.0,6.5,7.6,8.9,0,0,0,1,0,1,1,0,0,1,0,0,0,0,1,1,0,0,0,1800.0
Modern Studio Apartment - Midtown East L,10017.0,5.0,7.8,7.0,8.5,8.0,6.5,7.5,9.5,0.0,0,0,0,1,0,0,0,0,0,1,0,0,1,0,0,1,1,0,0,1.3
"Nyma, The New York Manhattan Hotel",10001.0,3892.0,7.6,7.5,7.4,7.1,7.6,7.2,7.5,8.7,0,0,0,1,0,1,1,0,0,0,0,0,0,1,1,1,0,0,1,1.5
Hilton Club New York,10019.0,21.0,8.5,8.8,8.8,8.6,8.1,7.2,10.0,9.7,0,0,0,0,0,1,1,0,0,1,0,0,0,1,0,1,0,1,0,2300.0
2 Bedrooms Suite in Financial Disctrict,10005.0,17.0,7.8,8.2,7.5,7.5,7.4,7.2,10.0,9.0,0,0,0,1,0,0,0,0,0,1,1,1,1,0,0,0,0,0,0,4.3
New private studio-apartment,10029.0,31.0,8.0,8.2,8.2,7.9,8.6,7.5,9.2,7.4,0,0,1,0,0,0,0,0,1,1,1,0,0,0,0,1,0,0,0,3.1
"The Paul, an Ascend Hotel Collection Member",10001.0,2016.0,7.8,8.0,7.6,7.3,7.9,7.2,8.1,8.7,0,0,0,0,0,0,1,0,0,1,0,0,0,0,0,1,0,0,0,1.6
Row NYC at Times Square,10036.0,13536.0,7.1,7.0,6.8,6.8,7.1,6.4,7.6,8.8,0,0,0,1,0,1,1,0,0,1,0,0,0,0,1,1,1,0,0,0.7
The Maxwell New York City,10022.0,924.0,7.6,7.8,7.4,7.2,7.7,6.7,5.9,8.5,0,0,0,1,0,1,1,0,0,0,0,1,0,0,1,1,0,0,1,1.0
East Side 3 bed 2 bath (6),10022.0,13.0,7.3,6.9,6.6,7.1,8.1,6.6,8.7,1.0,0,0,1,0,0,1,0,0,1,1,0,0,1,0,0,1,0,0,0,1.1
Chelsea Duplex Apartment,10011.0,7.0,7.7,7.2,8.2,8.6,7.9,6.8,7.5,7.5,0,0,0,0,0,0,0,0,0,1,0,0,0,0,0,1,0,0,0,2.2
One Bedroom Apartment - Mott Street #16,10013.0,15.0,7.3,7.7,7.0,6.8,7.7,7.0,10.0,7.8,0,0,1,0,0,0,0,1,0,1,1,0,0,0,0,1,0,0,0,3.1
Macy Empire Apartments,10001.0,214.0,7.3,7.1,6.7,6.7,7.6,6.9,8.0,8.8,0,0,0,0,0,1,0,1,0,1,0,0,1,1,0,1,0,0,0,1.5
Steps From Times Sq and Central Park,10019.0,30.0,7.6,7.4,7.2,7.9,7.5,7.0,7.8,8.7,0,0,1,0,0,1,0,0,1,1,1,0,0,0,0,1,0,0,0,2300.0
Studio Apartment - United Nations Plaza,10017.0,28.0,7.8,7.8,7.3,7.4,7.6,7.8,9.4,9.1,0,0,1,0,0,0,0,1,0,1,1,0,0,0,0,1,0,0,0,1.3
Bloc Away From Central Park Three-Bedroom Apartment with Private Balcony,10025.0,22.0,6.5,6.3,6.9,6.3,6.0,6.1,10.0,7.5,0,0,0,0,0,0,0,0,0,1,0,1,0,0,0,0,1,0,0,2.0
NY Away - Hells Kitchen/ Times Square 2 Bedroom,10019.0,57.0,7.7,7.8,8.0,7.7,7.4,7.0,6.9,8.3,0,0,0,1,0,1,0,0,0,1,0,1,1,0,0,0,0,0,0,2800.0
Prime Location Times Square 2 Bedrooms,10018.0,6.0,8.0,8.5,7.5,7.5,7.9,7.5,9.0,2.0,0,0,0,0,0,0,0,0,0,1,1,0,0,0,0,1,0,0,0,1.2
Vanderbilt YMCA,10017.0,5337.0,7.2,7.3,6.2,6.9,7.2,7.1,7.6,8.7,0,1,0,0,0,1,0,0,0,1,0,0,1,0,0,0,0,0,0,1.2
Central Two Bedroom Apartment In Times Square,10018.0,87.0,6.1,5.7,5.2,5.4,6.1,5.4,7.7,8.4,0,0,1,0,0,1,0,1,0,1,1,0,0,0,0,0,0,0,0,1.1
Two Bedroom Apartment with City View - Lincoln Center,10023.0,8.0,7.6,7.5,7.8,7.8,7.5,7.2,7.5,7.8,0,0,0,1,0,1,1,0,0,1,0,1,0,0,0,1,0,0,0,0.6
Midtown Convention Center Hotel NYC,10018.0,2166.0,6.6,6.4,6.3,6.2,7.3,6.4,8.0,7.2,0,0,0,0,0,1,1,1,0,1,0,0,0,0,0,1,0,1,0,1.1
Chelsea Savoy,10011.0,128.0,7.6,7.9,7.1,6.8,7.9,7.0,7.7,8.6,0,1,0,0,0,0,0,0,0,1,0,0,1,1,0,1,0,1,0,1.8
Three-Bedroom Apartment with Two Bathrooms - East 55th Street,10022.0,14.0,8.0,7.5,8.0,7.9,8.9,6.8,7.5,8.8,0,0,0,0,0,1,0,0,0,1,0,0,0,0,0,0,0,0,0,1.1
St Marks Hotel,10003.0,553.0,7.1,7.1,6.1,6.1,7.8,6.9,7.9,8.5,0,1,0,0,0,1,1,0,0,1,0,0,0,0,0,1,0,1,0,2.7
Paramount Times Square,10036.0,5060.0,6.8,6.7,6.2,6.2,7.1,5.8,6.8,8.6,0,0,0,1,0,1,1,0,0,0,0,1,0,0,1,1,0,0,1,0.7
Mayfair New York Times Square,10019.0,569.0,7.3,7.1,6.6,6.3,7.9,6.8,7.9,9.3,0,1,0,0,0,0,0,0,0,1,0,0,0,0,1,1,1,1,0,2800.0
West Side YMCA,10023.0,5723.0,7.2,6.7,6.1,6.6,7.4,7.2,7.8,9.2,0,0,0,0,0,1,0,0,0,1,0,0,0,1,0,1,0,0,0,1150.0
Hudson River Hotel,10018.0,1545.0,6.9,6.9,6.5,6.2,8.0,6.5,7.1,7.5,0,1,0,0,0,0,0,0,1,1,0,0,1,0,0,1,0,1,0,1.2
Econo Lodge Times Square,10036.0,791.0,7.4,7.5,6.4,6.7,8.1,6.8,8.1,9.1,0,0,0,0,0,0,1,1,0,1,0,0,0,1,0,1,0,1,0,0.6
Bryant Park Studio Apartment Times Square South,10018.0,34.0,7.9,7.2,7.9,7.7,8.3,7.1,8.6,9.1,0,0,1,0,0,0,1,0,0,1,1,0,0,0,0,1,0,0,0,1.1
Madison Avenue Luxury Two Bedroom Apartments Next to Times Square,10016.0,55.0,7.1,7.6,6.4,6.8,7.5,6.0,7.7,8.1,0,0,1,0,0,1,0,0,0,1,1,0,0,0,0,1,0,0,0,1.6
Midtown Times Square Apartment,10019.0,12.0,7.7,6.9,7.5,7.7,8.1,6.9,9.5,8.8,0,0,1,0,0,0,0,0,0,1,1,0,0,0,0,1,0,0,0,2600.0
36 Hudson Hotel,10018.0,710.0,7.6,7.9,7.3,6.9,8.4,7.2,8.0,7.9,0,1,0,0,0,1,0,0,0,1,0,0,0,1,0,1,0,1,0,1.2
Little Italy Penthouse,10013.0,18.0,7.9,7.7,7.0,7.8,8.8,7.4,8.8,9.0,0,0,1,0,0,0,0,0,0,1,1,0,0,0,0,0,0,0,0,3.1
2 Bedroom Apartment Hell's Kitchen,10018.0,32.0,7.0,7.4,6.3,6.2,7.2,6.0,8.1,8.8,0,0,0,0,0,0,0,1,0,1,1,0,0,0,0,1,0,0,0,2150.0
The Manhattan at Times Square,10019.0,8229.0,6.9,6.4,6.6,6.2,7.3,6.1,8.9,9.0,0,0,0,1,0,1,1,0,0,0,0,0,0,1,0,1,0,1,0,2300.0
Park West Hotel,10025.0,588.0,7.0,7.0,6.2,6.1,7.9,6.6,4.8,7.9,0,1,0,0,0,0,0,0,0,0,0,0,1,1,0,1,0,1,1,2.4
Manhattan Studio Apartments,10001.0,188.0,7.3,7.1,7.0,7.0,6.9,7.0,9.1,9.0,0,0,1,0,0,1,0,0,0,1,1,0,1,0,0,1,0,0,0,1.5
Riverside Tower Hotel,10024.0,2219.0,7.2,7.2,6.1,6.1,8.2,7.0,8.3,8.4,0,0,0,0,0,1,0,0,1,1,0,0,1,0,0,1,0,1,0,1.2
Studio-Plus Apartment,10001.0,132.0,7.2,6.6,6.9,6.6,7.4,6.8,8.7,9.0,0,0,1,0,0,0,0,0,0,1,1,0,1,0,0,1,0,0,0,1.5
Two Bedroom Apartment - Madison Avenue,10016.0,27.0,7.2,6.8,6.5,6.3,8.1,6.3,8.8,9.2,0,0,1,0,0,1,0,0,0,1,1,0,0,0,0,1,0,0,0,1.4
The Ideal 2 Bedroom Getaway by Central Park UWS,10025.0,7.0,7.2,7.5,7.5,6.8,7.2,6.4,10.0,7.9,0,0,1,0,0,1,0,0,0,1,1,1,1,0,0,0,0,0,0,2.0
Broadway Suite New York,10001.0,130.0,7.5,7.6,7.0,7.0,7.1,7.1,9.4,8.9,0,0,0,0,0,1,1,0,1,1,0,0,1,0,0,1,0,0,0,1.5
CITY ROOMS NYC - Chelsea,10001.0,810.0,8.0,8.2,7.1,7.3,9.0,7.3,8.3,8.9,0,1,1,0,0,0,0,1,0,1,0,0,0,0,0,1,0,1,0,1.6
Manhattan Broadway Hotel,10018.0,1216.0,6.4,6.1,5.4,5.2,7.6,5.7,5.8,8.3,0,0,0,0,0,1,1,1,0,1,0,1,0,0,0,1,0,0,0,1.1
Chelsea Cabins,10001.0,2590.0,7.3,7.5,6.0,6.5,8.2,6.9,7.9,8.6,0,0,1,0,0,0,0,0,0,1,1,0,0,0,0,1,0,0,0,1.6
Two Bedroom Apartment - West 58th Street,10019.0,15.0,7.7,7.8,7.3,7.3,7.3,7.2,9.5,5.0,0,0,1,0,0,0,0,0,0,0,1,0,1,0,0,1,0,0,1,1650.0
Midtown Suite New York,10001.0,1099.0,6.0,5.3,5.7,5.3,5.6,5.8,7.2,8.3,0,0,1,0,0,1,0,0,0,1,1,0,1,0,0,1,0,0,0,1.5
Americana Inn,10018.0,1229.0,7.5,7.7,6.7,6.6,7.7,7.2,4.7,9.1,0,1,0,0,0,0,0,1,0,0,0,0,1,0,0,1,0,1,1,1.1
NY Away - Luxury Apartments in the Financial District,10005.0,23.0,6.1,6.3,6.1,6.0,5.3,5.4,7.5,7.5,0,0,0,1,0,1,0,0,1,1,0,1,1,0,0,0,0,0,0,4.3
Times Square West Midtown Apartment,10018.0,49.0,7.2,6.7,6.9,6.9,7.8,6.4,7.9,8.3,0,0,1,0,0,0,0,0,0,1,1,0,0,0,0,0,0,0,0,1.1
The Mansfield Hotel,10036.0,755.0,7.3,7.4,6.7,6.5,7.7,6.6,4.6,9.0,0,0,0,1,0,1,0,0,0,1,0,1,0,0,1,1,1,0,0,0.9
The Nomad Suites,10001.0,142.0,7.5,7.3,7.2,7.3,7.3,7.2,7.3,8.8,0,0,1,0,0,0,1,0,0,1,0,0,1,0,0,1,0,0,0,1.5
Studio Plus - Apartment Suites,10001.0,223.0,7.1,6.7,6.8,6.4,7.4,6.7,8.3,8.9,0,0,1,0,0,0,0,0,0,1,1,0,1,0,0,1,0,0,0,1.5
NYC apartments amazing location,10001.0,27.0,7.2,6.9,6.3,6.2,8.0,6.6,6.3,9.0,0,0,0,0,0,1,0,0,0,1,1,0,0,0,0,1,0,0,0,1.6
Midtown West Hotel,10001.0,1710.0,6.7,6.9,5.8,5.8,7.6,6.1,7.6,8.2,0,1,1,0,0,0,0,0,0,1,1,0,0,0,0,1,0,1,0,1.5
East Side 3 bedroom 2 bathroom (7),10022.0,22.0,7.7,8.0,6.7,6.8,8.3,7.2,10.0,9.0,0,0,1,0,0,1,0,0,1,1,0,0,1,0,0,1,0,0,0,1.1
Luxury 2B/1B UWS GEM,10025.0,9.0,7.1,6.7,5.6,7.0,7.5,6.7,9.2,1.0,0,0,1,0,0,0,0,0,1,1,0,1,1,0,0,1,0,0,0,2.1
Blue Moon Boutique Hostel & Hotel,10002.0,1439.0,7.7,8.3,7.5,7.4,7.5,7.5,8.5,8.2,0,1,0,0,0,1,1,0,0,1,0,0,0,0,0,1,0,1,0,3.1
Hotel 91,10002.0,1428.0,7.4,7.8,7.2,7.0,8.0,7.4,8.4,7.2,0,0,0,0,0,1,1,1,0,1,0,0,0,1,0,0,0,1,0,3.7
Two Bedroom Apartment - Between Park Ave & Lexington Avenue - Midtown East,10016.0,73.0,6.4,7.3,5.8,5.4,6.0,5.9,7.2,8.1,0,1,0,0,0,1,0,1,0,1,0,0,1,0,0,1,0,0,0,1.8
Renaissance New York Hotel 57,10022.0,663.0,7.9,8.3,7.7,7.2,8.4,7.2,5.2,8.7,0,0,0,1,0,1,1,0,0,1,0,1,0,0,0,1,0,0,0,0.8
Lovely Two Bedroom Apt,10031.0,21.0,7.1,7.3,7.0,7.4,7.0,7.0,8.8,6.7,0,0,1,0,0,1,0,0,0,1,1,0,0,0,1,0,1,0,0,3.7
The Melva Inn,10027.0,11.0,6.6,6.1,6.4,6.1,7.3,5.9,10.0,7.5,0,0,0,0,0,0,0,1,0,1,1,0,0,0,0,1,0,0,0,3.1
Jazz on the Park Youth Hostel,10025.0,1640.0,6.7,6.3,6.2,6.1,7.4,6.5,6.7,7.8,0,0,1,0,0,0,0,0,0,1,1,0,0,0,0,1,0,1,0,2.4
Steps from Times Square Central Park BEAUTIFUL 2 BDR APT,10019.0,29.0,7.4,7.1,7.2,6.8,7.6,7.1,9.2,8.5,0,0,1,0,0,1,0,0,0,1,1,0,0,0,0,1,0,0,0,1650.0
Great Location Midtown East 35th Street and Third Ave,10016.0,34.0,6.6,7.0,6.2,6.3,6.4,6.2,6.7,7.5,0,1,0,0,0,0,0,1,0,1,0,0,1,0,0,1,0,0,0,1.6
Carlton Arms Hotel,10010.0,809.0,7.2,6.8,6.5,6.2,7.9,7.4,7.9,8.7,0,0,1,0,0,0,0,0,0,1,1,0,0,0,0,1,0,1,0,2.0
Studio in Times Square,10036.0,441.0,6.0,5.6,5.4,5.3,5.3,6.0,6.9,8.6,0,0,1,0,0,1,0,0,0,1,1,0,0,0,0,1,0,0,0,0.7
NYC Best apartment near the UN,10022.0,14.0,6.2,5.5,6.1,5.9,6.3,5.5,6.7,7.7,0,1,0,0,0,1,0,1,1,1,0,0,0,0,0,1,0,0,0,1.2
Broadway Hotel & Hostel,10025.0,3339.0,7.1,7.0,6.4,6.4,7.9,6.9,6.7,7.9,0,1,1,0,0,0,0,1,0,1,0,0,0,0,0,1,0,1,0,2.2
Comfort 5 Min Times SQ,10019.0,9.0,8.9,8.6,8.9,8.3,8.9,8.6,10.0,10.0,0,0,1,0,0,1,0,0,0,1,1,0,0,0,0,0,0,0,0,1800.0
U.S. Pacific Hotel,10013.0,1626.0,6.3,6.1,5.3,5.5,6.7,6.5,6.8,7.4,0,0,1,0,1,1,0,0,0,1,0,0,0,0,0,1,0,1,0,3.1
Midtown 60th Street Apartment,10022.0,22.0,6.4,6.0,5.7,6.3,6.7,6.6,10.0,7.2,0,0,0,0,0,1,0,0,0,1,1,0,0,0,0,1,1,0,0,1.1
3 blocks from Times Square and quick walk to Central Park,10019.0,9.0,6.6,6.7,5.6,5.8,7.5,6.1,2.5,8.1,0,0,1,0,0,0,0,0,0,1,0,0,1,0,0,1,0,0,0,0.7
Hamilton Heights 4 Bedroom,10031.0,11.0,6.4,7.1,6.6,5.9,6.6,6.6,10.0,5.7,0,0,0,0,0,1,0,0,0,1,0,0,0,0,1,1,1,0,0,3.7
The Ideal 3 Bedroom Getaway by Central Park UWS,10025.0,44.0,6.7,6.8,6.7,6.0,6.3,6.6,10.0,7.6,0,0,1,0,0,1,0,0,0,1,0,1,1,1,0,0,0,0,0,2.0
BRAND NEW ULTRA MODERN NOMAD PARK AVENUE(31 AND PARK) 800 FT 2BR 1BA W/D ELEVATOR!,10016.0,10.0,7.8,7.8,7.8,8.0,7.5,7.0,8.5,3.0,0,0,0,0,0,0,0,0,0,1,0,1,0,0,0,0,0,0,0,1.6
Hotel 309,10014.0,1564.0,6.3,5.7,5.6,5.6,6.9,6.0,6.9,8.1,0,0,1,0,0,1,0,0,0,1,1,0,0,0,0,1,0,1,0,2.2
3 Bedroom modern apartment - Times Square,10018.0,10.0,7.6,7.8,7.3,7.3,7.8,7.0,8.5,2.0,0,0,1,0,0,1,0,0,0,1,1,0,0,0,0,0,0,0,0,1.0
Upper East One Bedroom Apartment,10028.0,23.0,6.4,6.6,6.4,6.1,6.1,5.8,7.2,3.0,0,1,1,0,0,0,0,1,1,1,0,1,0,0,0,0,0,0,0,1.8
Windsor Hotel,10002.0,961.0,6.2,5.5,5.9,5.6,6.9,6.2,7.0,7.5,0,0,0,0,0,1,0,0,0,1,0,0,1,1,0,1,0,1,0,3.1
Hotel Five44,10036.0,56.0,7.3,6.6,6.9,6.8,7.8,7.2,8.3,8.3,0,1,0,0,0,0,0,0,0,1,0,0,0,0,0,1,0,0,0,0.7
Chelsea Art Suites,10011.0,70.0,6.9,6.4,6.1,6.0,7.6,7.0,7.1,8.6,0,0,1,0,0,0,0,1,0,1,1,0,0,0,1,1,0,0,0,2.2
East Side 3 Bedroom and 2 Bathroom Apartment (3),10022.0,22.0,7.8,8.0,7.2,7.6,8.2,7.4,10.0,8.6,0,0,1,0,0,1,0,0,1,1,0,0,1,0,0,1,0,0,0,1.1
Clarion Hotel Park Avenue,10016.0,256.0,7.6,7.8,6.8,6.8,8.2,7.0,7.5,8.7,0,0,0,0,0,0,1,0,0,1,0,0,1,0,0,1,0,1,0,1.7
Lord & Moris,10018.0,14.0,6.7,6.8,6.4,5.7,7.0,5.9,8.6,4.0,0,0,0,0,1,0,1,0,0,1,1,0,0,0,0,1,0,1,0,1.0
Morningside Inn,10025.0,686.0,5.6,5.3,5.0,4.8,5.9,5.5,5.8,7.0,0,0,0,0,1,1,1,0,0,1,0,0,0,0,0,1,0,1,0,2.5
Harlem YMCA,10030.0,1068.0,7.1,7.1,6.3,6.7,7.7,7.4,6.2,7.3,0,0,0,0,0,0,1,0,0,1,0,0,0,1,0,1,0,0,0,3.7
Luxurious Three Bedroom Apartment,10031.0,15.0,6.3,6.3,5.7,6.0,7.0,6.0,8.8,6.7,0,0,1,0,0,1,0,1,0,1,1,0,0,0,0,0,0,0,0,4.3
Canal Loft Hostel & Hotel,10002.0,209.0,7.6,8.3,7.5,7.3,7.7,7.4,8.5,7.6,0,1,0,0,0,0,1,0,0,1,0,0,0,0,0,1,0,1,0,3.7
The Franklin Hotel,10128.0,756.0,7.3,7.7,6.9,6.3,7.9,6.6,6.3,8.3,0,1,0,0,0,0,1,0,0,1,0,1,0,0,0,1,0,1,0,1.6
Royal Park Hotel & Hostel,10025.0,1571.0,6.8,6.6,6.2,6.0,7.6,6.5,7.1,7.8,0,0,1,0,0,1,0,0,0,1,0,0,1,0,0,1,0,1,0,2.0
#1Midtown Manhattan Loft Apartment,10010.0,24.0,7.6,7.8,6.9,7.4,8.2,6.9,10.0,8.6,0,0,1,0,0,1,0,0,0,1,1,0,1,0,0,1,0,0,0,2.0
Executive Class at MTS Hotel,10019.0,143.0,7.3,7.4,7.4,6.7,7.1,6.3,8.0,8.7,0,1,0,0,0,0,0,0,1,1,0,0,1,0,0,1,0,1,0,2300.0
Central Park West Hostel,10024.0,1893.0,6.1,5.4,5.3,5.3,6.5,6.1,6.4,7.7,0,0,0,0,0,0,0,1,1,1,0,0,1,0,0,1,0,1,0,1.5
Renovated Midtown East Apartments,10022.0,37.0,6.5,6.5,5.9,6.2,6.2,6.3,7.5,8.1,0,0,1,0,0,1,0,1,0,1,1,0,0,0,0,1,0,0,0,1.1
Cozy Two Bed Apt in Murray Hill,10016.0,5.0,6.7,6.5,5.5,5.5,7.0,7.0,8.5,1.0,0,0,0,0,0,1,0,1,0,1,1,0,0,0,1,1,0,0,0,1.7
New York Apartments,10001.0,213.0,6.7,6.6,6.2,6.1,6.3,6.2,7.2,8.6,0,0,0,0,0,0,1,1,1,1,0,0,1,0,0,1,0,0,0,1.5
Four Bedroom Apartment - Eldridge St. #38,10002.0,26.0,6.9,7.5,6.4,6.6,7.0,7.0,6.7,3.0,0,0,1,0,0,0,0,1,0,1,1,0,0,0,0,1,0,0,0,3.7
NY Away - The ideal Family & Friends 4 Bedrooms / 4 Bathrooms in Manhattan,10022.0,22.0,6.5,6.3,6.0,6.7,6.3,5.8,10.0,7.7,0,0,1,0,0,1,0,0,0,1,1,1,0,0,0,0,0,0,0,1.2
Interfaith Retreats,10001.0,661.0,7.9,8.1,6.6,7.1,8.9,7.5,8.8,9.0,0,0,1,0,0,0,0,0,0,1,1,0,0,0,0,1,0,1,0,1.6
Mid Town East 28th Street Apartments Next to Times Square,10016.0,98.0,6.5,6.9,6.0,5.7,6.7,5.7,8.0,8.0,0,0,1,0,0,1,0,0,0,1,1,0,0,0,0,0,0,0,0,1.8
Gramercy Park Apartments,10010.0,77.0,7.3,7.3,7.0,6.6,7.4,6.8,7.3,8.5,0,1,1,0,0,0,0,1,0,1,1,1,0,0,0,0,0,0,0,2.2
The Harlem Flophouse,10027.0,6.0,6.9,7.1,6.7,6.3,7.1,6.7,7.5,2.0,0,0,1,0,0,0,0,0,0,1,0,0,0,0,0,1,0,0,0,3.1
Luxury One Bedroom Apartment - Garment District,10018.0,5.0,7.1,7.5,6.9,6.3,6.9,6.3,8.5,2.0,0,0,0,1,0,1,1,0,0,1,0,1,0,0,1,1,0,0,0,1.1
Park Ave Apartments Midtown Next to Times Square,10016.0,72.0,6.4,6.7,5.6,5.8,6.6,5.5,8.8,8.1,0,0,1,0,0,1,0,0,0,1,1,0,0,0,0,1,0,0,0,1.8
Hello Broadway,10010.0,79.0,6.7,6.4,6.0,6.1,6.8,6.1,8.3,8.6,0,0,1,0,0,1,0,1,0,1,0,0,1,0,0,1,0,0,0,1.5
Redford Hotel,10002.0,419.0,6.9,6.7,6.6,6.4,7.2,6.7,8.1,7.9,0,0,0,0,0,0,1,0,0,1,0,0,0,1,0,1,0,1,0,3.1
Hamilton Heights Beauty,10031.0,10.0,5.5,5.0,4.8,5.5,6.8,5.0,10.0,6.0,0,0,0,0,0,0,0,0,0,1,0,0,0,0,0,1,0,0,0,3.7
Lincoln Center Luxury Apartments,10023.0,31.0,7.5,8.2,7.7,7.5,6.3,7.4,6.9,8.2,0,0,1,1,0,1,0,0,0,1,0,1,1,0,0,0,0,0,0,0.6
Washington Heights Apartment,10032.0,27.0,5.6,5.2,5.5,5.5,6.6,5.2,10.0,5.3,0,0,0,0,0,0,0,0,0,1,0,0,0,0,0,1,0,0,0,5.0
Candy Hill Harlem,10031.0,74.0,7.4,7.2,7.5,7.3,7.7,7.3,7.8,7.2,0,0,0,0,0,0,1,0,1,1,0,1,0,0,0,1,0,0,0,3.7
Yorkville Apartments -Upper East Side,10128.0,101.0,6.6,6.3,6.6,6.2,6.9,6.1,8.9,7.7,0,0,1,0,0,1,0,1,0,1,1,0,0,0,0,1,0,0,0,1.8
Beautiful Downtown Apartments NYC,10012.0,5.0,6.0,5.5,5.5,4.5,6.5,5.5,8.5,1.0,0,0,0,0,0,0,0,0,0,1,1,0,0,0,0,0,0,0,0,2.9
Central Affordable Three Bedroom Apartment,10016.0,30.0,6.8,6.0,6.8,6.5,6.5,6.3,8.8,8.7,0,0,1,0,0,1,0,0,0,1,1,0,0,0,0,0,0,0,0,1.8
Midtown East Apartments,10022.0,52.0,7.9,8.1,7.6,7.5,8.1,7.4,9.1,8.7,0,1,0,0,0,0,0,1,0,1,0,1,1,0,0,0,1,0,0,1.1
Central Park Studios,10023.0,99.0,7.3,5.9,6.7,6.6,7.9,7.6,9.3,9.2,0,0,1,0,0,0,0,0,1,1,1,1,0,0,0,0,0,0,0,0.8
One Bedroom Apartment - Allen Street # 28,10002.0,27.0,7.1,6.9,6.8,7.0,7.1,6.8,7.5,8.3,0,0,1,0,0,0,0,1,0,1,1,0,0,0,0,1,0,0,0,3.1
The Bowery House,10012.0,2473.0,6.5,6.4,5.3,5.8,7.7,5.9,7.3,7.7,0,1,0,0,0,0,0,1,0,1,0,0,0,0,0,1,0,1,0,3.1
Studio Plus - One-Bedroom APT,10001.0,74.0,7.3,7.0,7.0,6.6,7.4,7.0,8.3,8.9,0,0,1,0,0,0,0,0,0,1,1,0,1,0,0,1,0,0,0,1.5
The Grand NYC Apartments,10001.0,1365.0,5.3,5.0,4.8,4.4,5.1,4.9,3.5,7.8,0,0,1,0,0,1,0,0,1,1,1,1,0,0,0,0,0,0,0,1.5
Cosy 1 Bed Apartment Midtown West near Hell's Kitchen & Macy's,10018.0,5.0,4.8,4.0,4.5,3.5,4.5,4.5,8.0,0.0,0,0,0,0,0,0,1,0,0,1,1,0,0,0,0,0,0,0,0,1.1
Studio Apartments - West 31st Street,10001.0,114.0,6.0,5.3,5.7,5.3,5.7,5.6,7.5,8.1,0,0,1,0,0,1,0,0,0,1,1,0,1,0,0,0,0,0,0,1.5
Hamilton Heights: Renovated Apartments,10031.0,12.0,5.3,5.2,5.0,4.6,5.8,5.4,6.3,5.6,0,0,1,0,0,1,0,0,0,1,1,0,0,0,0,0,0,0,0,3.7
"Two-Bedroom Apartment, Express Subway at Columbia Hospital",10032.0,21.0,7.4,8.0,7.9,7.3,7.3,7.0,9.2,6.9,0,0,0,0,0,0,0,0,0,1,0,0,0,0,0,1,0,0,0,5.0
Gramercy Superior Apartments,10010.0,27.0,6.4,6.0,6.1,6.2,6.5,5.9,7.5,7.7,0,0,0,0,0,1,0,1,0,1,1,0,0,0,0,1,0,0,0,1.9
NY Away - Financial District 2-Bedrooms - 608,10005.0,15.0,7.0,7.5,7.3,7.3,6.1,6.5,7.5,7.3,0,0,1,1,0,1,0,0,0,1,1,0,1,0,0,0,0,0,0,4.3
CoHost Homes,10040.0,5.0,6.3,7.5,6.5,5.5,7.5,6.0,5.0,1.0,0,1,1,0,0,0,0,0,0,1,1,0,0,0,0,1,0,0,0,6.8
Renovated Studio Loft Downtown NYC #43,10002.0,24.0,7.3,7.8,6.5,7.3,8.0,7.0,9.2,7.4,0,0,1,0,0,0,0,1,0,1,1,0,0,0,0,1,0,0,0,3.7
Upper East Suites,10128.0,11.0,7.4,6.4,7.5,6.8,7.5,7.5,8.6,2.0,0,0,0,0,0,0,0,1,0,1,1,0,0,0,0,1,0,0,0,2.1
668 6th Ave 3rd floor,10010.0,10.0,7.0,5.5,6.8,6.5,8.0,6.5,8.8,2.0,0,0,1,0,0,0,0,0,0,1,1,0,0,0,0,0,0,0,0,2.0
Luxury Living Suites,10027.0,6.0,6.7,7.1,6.3,6.3,7.1,6.7,7.1,1.0,0,0,0,0,0,1,1,0,0,1,0,1,0,0,0,0,0,0,0,3.1
Loft 109,10025.0,120.0,7.3,7.2,6.7,6.6,8.3,6.7,8.3,8.3,0,0,1,0,0,0,0,0,0,1,1,0,0,0,0,1,0,0,0,2.6
Studio Apartment - Financial District,10005.0,32.0,6.5,6.0,6.6,6.8,6.4,5.7,7.5,7.7,0,0,0,1,0,1,1,0,0,1,0,1,0,0,0,1,0,0,0,4.3
Stylish Upper East Side 2 bed 2 bath,10021.0,11.0,7.6,8.2,6.4,7.5,8.4,6.6,10.0,8.6,0,0,0,0,0,1,1,0,0,1,0,0,0,0,1,1,1,0,0,1.4
