Keyword,Frequency,name
room,1398,Universal's Cabana Bay Beach Resort
pool,973,Universal's Cabana Bay Beach Resort
hotel,912,Universal's Cabana Bay Beach Resort
great,900,Universal's Cabana Bay Beach Resort
park,798,Universal's Cabana Bay Beach Resort
clean,243,Regal Oaks – The Official CLC World Resort
great,235,Regal Oaks – The Official CLC World Resort
location,233,Regal Oaks – The Official CLC World Resort
room,227,Regal Oaks – The Official CLC World Resort
hot,226,Regal Oaks – The Official CLC World Resort
clean,52,Magic Village Resort Orlando Near Disney
nice,42,Magic Village Resort Orlando Near Disney
pool,42,Magic Village Resort Orlando Near Disney
place,41,Magic Village Resort Orlando Near Disney
location,38,Magic Village Resort Orlando Near Disney
room,767,Floridays Resort Orlando Near Disney/Seaworld
pool,526,Floridays Resort Orlando Near Disney/Seaworld
great,380,Floridays Resort Orlando Near Disney/Seaworld
staff,361,Floridays Resort Orlando Near Disney/Seaworld
location,292,Floridays Resort Orlando Near Disney/Seaworld
room,538,Universal's Hard Rock Hotel
hotel,453,Universal's Hard Rock Hotel
park,423,Universal's Hard Rock Hotel
staff,359,Universal's Hard Rock Hotel
pool,341,Universal's Hard Rock Hotel
room,470,Universal's Loews Sapphire Falls Resort
hotel,409,Universal's Loews Sapphire Falls Resort
staff,322,Universal's Loews Sapphire Falls Resort
great,307,Universal's Loews Sapphire Falls Resort
pool,306,Universal's Loews Sapphire Falls Resort
location,160,Orlando Resort Rentals at Universal Boulevard
great,126,Orlando Resort Rentals at Universal Boulevard
clean,113,Orlando Resort Rentals at Universal Boulevard
room,113,Orlando Resort Rentals at Universal Boulevard
everything,102,Orlando Resort Rentals at Universal Boulevard
room,123,Wyndham Bonnet Creek
pool,105,Wyndham Bonnet Creek
great,66,Wyndham Bonnet Creek
disney,61,Wyndham Bonnet Creek
staff,60,Wyndham Bonnet Creek
room,364,Sheraton Vistana Resort Villas
pool,212,Sheraton Vistana Resort Villas
great,205,Sheraton Vistana Resort Villas
location,189,Sheraton Vistana Resort Villas
staff,182,Sheraton Vistana Resort Villas
room,388,Hyatt Regency Orlando International Airport Hotel
location,289,Hyatt Regency Orlando International Airport Hotel
airport,279,Hyatt Regency Orlando International Airport Hotel
hotel,254,Hyatt Regency Orlando International Airport Hotel
staff,189,Hyatt Regency Orlando International Airport Hotel
room,141,Homewood Suites by Hilton Orlando Theme Parks
breakfast,114,Homewood Suites by Hilton Orlando Theme Parks
hotel,79,Homewood Suites by Hilton Orlando Theme Parks
clean,70,Homewood Suites by Hilton Orlando Theme Parks
great,68,Homewood Suites by Hilton Orlando Theme Parks
room,470,Universal's Loews Royal Pacific Resort
park,404,Universal's Loews Royal Pacific Resort
hotel,358,Universal's Loews Royal Pacific Resort
staff,312,Universal's Loews Royal Pacific Resort
universal,276,Universal's Loews Royal Pacific Resort
room,1004,SpringHill Suites by Marriott Orlando Lake Buena Vista in Marriott Village
breakfast,886,SpringHill Suites by Marriott Orlando Lake Buena Vista in Marriott Village
hotel,516,SpringHill Suites by Marriott Orlando Lake Buena Vista in Marriott Village
staff,435,SpringHill Suites by Marriott Orlando Lake Buena Vista in Marriott Village
great,406,SpringHill Suites by Marriott Orlando Lake Buena Vista in Marriott Village
room,249,Sonesta ES Suites Orlando International Drive
breakfast,173,Sonesta ES Suites Orlando International Drive
location,169,Sonesta ES Suites Orlando International Drive
great,132,Sonesta ES Suites Orlando International Drive
staff,130,Sonesta ES Suites Orlando International Drive
room,291,WorldQuest Orlando Resort
pool,181,WorldQuest Orlando Resort
great,138,WorldQuest Orlando Resort
location,131,WorldQuest Orlando Resort
nice,121,WorldQuest Orlando Resort
room,228,Hawthorn Suites by Wyndham Kissimmee Gateway
breakfast,90,Hawthorn Suites by Wyndham Kissimmee Gateway
clean,71,Hawthorn Suites by Wyndham Kissimmee Gateway
great,69,Hawthorn Suites by Wyndham Kissimmee Gateway
hotel,66,Hawthorn Suites by Wyndham Kissimmee Gateway
room,13,SpringHill Suites by Marriott Orlando at Millenia
breakfast,11,SpringHill Suites by Marriott Orlando at Millenia
new,10,SpringHill Suites by Marriott Orlando at Millenia
clean,9,SpringHill Suites by Marriott Orlando at Millenia
good,7,SpringHill Suites by Marriott Orlando at Millenia
room,642,Staybridge Suites Orlando - Lake Buena Vista
breakfast,544,Staybridge Suites Orlando - Lake Buena Vista
staff,394,Staybridge Suites Orlando - Lake Buena Vista
great,387,Staybridge Suites Orlando - Lake Buena Vista
good,266,Staybridge Suites Orlando - Lake Buena Vista
breakfast,624,Fairfield Inn & Suites by Marriott Orlando Lake Buena Vista in the Marriott Village
room,577,Fairfield Inn & Suites by Marriott Orlando Lake Buena Vista in the Marriott Village
hotel,352,Fairfield Inn & Suites by Marriott Orlando Lake Buena Vista in the Marriott Village
staff,346,Fairfield Inn & Suites by Marriott Orlando Lake Buena Vista in the Marriott Village
great,317,Fairfield Inn & Suites by Marriott Orlando Lake Buena Vista in the Marriott Village
breakfast,469,Fairfield Inn Suites by Marriott Orlando At SeaWorld
room,449,Fairfield Inn Suites by Marriott Orlando At SeaWorld
staff,385,Fairfield Inn Suites by Marriott Orlando At SeaWorld
great,258,Fairfield Inn Suites by Marriott Orlando At SeaWorld
hotel,253,Fairfield Inn Suites by Marriott Orlando At SeaWorld
room,460,"Lake Buena Vista Resort Village and Spa, a staySky Hotel & Resort"
pool,310,"Lake Buena Vista Resort Village and Spa, a staySky Hotel & Resort"
great,215,"Lake Buena Vista Resort Village and Spa, a staySky Hotel & Resort"
location,193,"Lake Buena Vista Resort Village and Spa, a staySky Hotel & Resort"
bed,138,"Lake Buena Vista Resort Village and Spa, a staySky Hotel & Resort"
room,591,Sheraton Vistana Villages Resort Near Universal Blvd.
pool,396,Sheraton Vistana Villages Resort Near Universal Blvd.
staff,291,Sheraton Vistana Villages Resort Near Universal Blvd.
great,274,Sheraton Vistana Villages Resort Near Universal Blvd.
everything,228,Sheraton Vistana Villages Resort Near Universal Blvd.
room,266,Comfort Suites Maingate East
breakfast,265,Comfort Suites Maingate East
great,161,Comfort Suites Maingate East
good,143,Comfort Suites Maingate East
location,127,Comfort Suites Maingate East
room,213,Universal's Loews Portofino Bay Hotel
hotel,121,Universal's Loews Portofino Bay Hotel
staff,90,Universal's Loews Portofino Bay Hotel
park,86,Universal's Loews Portofino Bay Hotel
pool,80,Universal's Loews Portofino Bay Hotel
great,19,Windsor Hills Apartment
pool,10,Windsor Hills Apartment
everything,10,Windsor Hills Apartment
need,9,Windsor Hills Apartment
place,8,Windsor Hills Apartment
home,4,Olivia's Dream Villa in Windsor Hills
nothing,3,Olivia's Dream Villa in Windsor Hills
property,3,Olivia's Dream Villa in Windsor Hills
ever,2,Olivia's Dream Villa in Windsor Hills
stay,2,Olivia's Dream Villa in Windsor Hills
room,163,Hyatt Place - Orlando Convention Center
breakfast,133,Hyatt Place - Orlando Convention Center
staff,110,Hyatt Place - Orlando Convention Center
location,86,Hyatt Place - Orlando Convention Center
good,71,Hyatt Place - Orlando Convention Center
room,828,Walt Disney World Dolphin
hotel,421,Walt Disney World Dolphin
location,324,Walt Disney World Dolphin
great,256,Walt Disney World Dolphin
disney,252,Walt Disney World Dolphin
room,47,Staybridge Suites Orlando at SeaWorld
breakfast,34,Staybridge Suites Orlando at SeaWorld
staff,33,Staybridge Suites Orlando at SeaWorld
hotel,17,Staybridge Suites Orlando at SeaWorld
great,17,Staybridge Suites Orlando at SeaWorld
room,386,DoubleTree by Hilton at the Entrance to Universal Orlando
hotel,279,DoubleTree by Hilton at the Entrance to Universal Orlando
parking,207,DoubleTree by Hilton at the Entrance to Universal Orlando
staff,196,DoubleTree by Hilton at the Entrance to Universal Orlando
universal,193,DoubleTree by Hilton at the Entrance to Universal Orlando
room,177,Waldorf Astoria Orlando
hotel,138,Waldorf Astoria Orlando
staff,112,Waldorf Astoria Orlando
service,80,Waldorf Astoria Orlando
great,58,Waldorf Astoria Orlando
room,411,Walt Disney World Swan
hotel,240,Walt Disney World Swan
location,221,Walt Disney World Swan
disney,201,Walt Disney World Swan
staff,198,Walt Disney World Swan
room,402,Residence Inn by Marriott Orlando at SeaWorld
breakfast,316,Residence Inn by Marriott Orlando at SeaWorld
pool,185,Residence Inn by Marriott Orlando at SeaWorld
staff,164,Residence Inn by Marriott Orlando at SeaWorld
hotel,159,Residence Inn by Marriott Orlando at SeaWorld
room,9,Hyatt House across from Universal Orlando Resort
hotel,9,Hyatt House across from Universal Orlando Resort
breakfast,8,Hyatt House across from Universal Orlando Resort
staff,6,Hyatt House across from Universal Orlando Resort
clean,5,Hyatt House across from Universal Orlando Resort
nice,5,Water Oak IR700
pool,5,Water Oak IR700
tub,4,Water Oak IR700
house,3,Water Oak IR700
couple,3,Water Oak IR700
bed,84,Casiola Vacation Homes
room,80,Casiola Vacation Homes
location,78,Casiola Vacation Homes
clean,73,Casiola Vacation Homes
everything,66,Casiola Vacation Homes
room,241,Embassy Suites by Hilton Orlando International Drive Convention Center
breakfast,220,Embassy Suites by Hilton Orlando International Drive Convention Center
staff,140,Embassy Suites by Hilton Orlando International Drive Convention Center
hotel,127,Embassy Suites by Hilton Orlando International Drive Convention Center
location,124,Embassy Suites by Hilton Orlando International Drive Convention Center
staff,45,TownePlace Suites by Marriott Orlando at SeaWorld
breakfast,44,TownePlace Suites by Marriott Orlando at SeaWorld
room,37,TownePlace Suites by Marriott Orlando at SeaWorld
hotel,31,TownePlace Suites by Marriott Orlando at SeaWorld
clean,26,TownePlace Suites by Marriott Orlando at SeaWorld
room,8,Residence Inn by Marriott Orlando at Millenia
breakfast,8,Residence Inn by Marriott Orlando at Millenia
nice,6,Residence Inn by Marriott Orlando at Millenia
comfortable,6,Residence Inn by Marriott Orlando at Millenia
hotel,5,Residence Inn by Marriott Orlando at Millenia
room,243,Hilton Grand Vacations at Tuscany Village
staff,147,Hilton Grand Vacations at Tuscany Village
location,93,Hilton Grand Vacations at Tuscany Village
pool,89,Hilton Grand Vacations at Tuscany Village
great,79,Hilton Grand Vacations at Tuscany Village
hotel,58,Four Seasons Resort Orlando at Walt Disney World Resort
room,44,Four Seasons Resort Orlando at Walt Disney World Resort
staff,42,Four Seasons Resort Orlando at Walt Disney World Resort
great,36,Four Seasons Resort Orlando at Walt Disney World Resort
pool,35,Four Seasons Resort Orlando at Walt Disney World Resort
like,4,Casa de Disney
jc,2,Casa de Disney
area,2,Casa de Disney
away,2,Casa de Disney
buy,2,Casa de Disney
breakfast,161,Hampton Inn Orlando Near Universal Blv/International Dr
room,143,Hampton Inn Orlando Near Universal Blv/International Dr
staff,114,Hampton Inn Orlando Near Universal Blv/International Dr
good,88,Hampton Inn Orlando Near Universal Blv/International Dr
bed,81,Hampton Inn Orlando Near Universal Blv/International Dr
room,137,Homewood Suites by Hilton Orlando-Intl Drive/Convention Ctr
breakfast,120,Homewood Suites by Hilton Orlando-Intl Drive/Convention Ctr
location,99,Homewood Suites by Hilton Orlando-Intl Drive/Convention Ctr
great,97,Homewood Suites by Hilton Orlando-Intl Drive/Convention Ctr
staff,79,Homewood Suites by Hilton Orlando-Intl Drive/Convention Ctr
room,98,Comfort Suites UCF/Research Park
breakfast,91,Comfort Suites UCF/Research Park
bed,64,Comfort Suites UCF/Research Park
staff,63,Comfort Suites UCF/Research Park
good,49,Comfort Suites UCF/Research Park
room,133,Hyatt Place Orlando Lake Buena Vista
breakfast,114,Hyatt Place Orlando Lake Buena Vista
staff,58,Hyatt Place Orlando Lake Buena Vista
clean,57,Hyatt Place Orlando Lake Buena Vista
great,54,Hyatt Place Orlando Lake Buena Vista
room,505,Hyatt Regency Orlando
hotel,313,Hyatt Regency Orlando
staff,256,Hyatt Regency Orlando
parking,199,Hyatt Regency Orlando
great,190,Hyatt Regency Orlando
didn’t,3,Eight Bedrooms with Private Pool and Spa (1747)
it,3,Eight Bedrooms with Private Pool and Spa (1747)
location,2,Eight Bedrooms with Private Pool and Spa (1747)
like,2,Eight Bedrooms with Private Pool and Spa (1747)
hot,2,Eight Bedrooms with Private Pool and Spa (1747)
breakfast,317,Galleria Palms Orlando
room,296,Galleria Palms Orlando
clean,188,Galleria Palms Orlando
staff,171,Galleria Palms Orlando
location,167,Galleria Palms Orlando
room,3,Kissimmee Area Pool Home
need,2,Kissimmee Area Pool Home
roomy,2,Kissimmee Area Pool Home
nice,2,Kissimmee Area Pool Home
pool,2,Kissimmee Area Pool Home
hot,4,Summerville Resort Five Bedroom Townhome SV102
night,3,Summerville Resort Five Bedroom Townhome SV102
place,3,Summerville Resort Five Bedroom Townhome SV102
clean,2,Summerville Resort Five Bedroom Townhome SV102
need,2,Summerville Resort Five Bedroom Townhome SV102
room,491,Courtyard by Marriott Orlando Lake Buena Vista in the Marriott Village
staff,268,Courtyard by Marriott Orlando Lake Buena Vista in the Marriott Village
hotel,252,Courtyard by Marriott Orlando Lake Buena Vista in the Marriott Village
location,238,Courtyard by Marriott Orlando Lake Buena Vista in the Marriott Village
breakfast,212,Courtyard by Marriott Orlando Lake Buena Vista in the Marriott Village
room,282,The Point Hotel & Suites Universal Blvd
staff,186,The Point Hotel & Suites Universal Blvd
great,137,The Point Hotel & Suites Universal Blvd
hotel,124,The Point Hotel & Suites Universal Blvd
location,124,The Point Hotel & Suites Universal Blvd
room,340,SpringHill Suites by Marriott Orlando at SeaWorld
breakfast,259,SpringHill Suites by Marriott Orlando at SeaWorld
staff,193,SpringHill Suites by Marriott Orlando at SeaWorld
hotel,159,SpringHill Suites by Marriott Orlando at SeaWorld
great,156,SpringHill Suites by Marriott Orlando at SeaWorld
room,352,Holiday Inn Orlando – Disney Springs™ Area
disney,255,Holiday Inn Orlando – Disney Springs™ Area
staff,247,Holiday Inn Orlando – Disney Springs™ Area
hotel,223,Holiday Inn Orlando – Disney Springs™ Area
location,205,Holiday Inn Orlando – Disney Springs™ Area
everything,6,Spacious Vacation Home Rental House 77Tb12
nothing,4,Spacious Vacation Home Rental House 77Tb12
house,4,Spacious Vacation Home Rental House 77Tb12
love,4,Spacious Vacation Home Rental House 77Tb12
u,3,Spacious Vacation Home Rental House 77Tb12
room,75,Residence Inn Orlando Lake Buena Vista
breakfast,56,Residence Inn Orlando Lake Buena Vista
staff,45,Residence Inn Orlando Lake Buena Vista
great,32,Residence Inn Orlando Lake Buena Vista
hotel,29,Residence Inn Orlando Lake Buena Vista
room,469,Hilton Grand Vacations at SeaWorld
pool,248,Hilton Grand Vacations at SeaWorld
staff,226,Hilton Grand Vacations at SeaWorld
great,210,Hilton Grand Vacations at SeaWorld
nice,149,Hilton Grand Vacations at SeaWorld
staff,105,"The Ritz-Carlton Orlando, Grande Lakes"
room,84,"The Ritz-Carlton Orlando, Grande Lakes"
hotel,71,"The Ritz-Carlton Orlando, Grande Lakes"
pool,54,"The Ritz-Carlton Orlando, Grande Lakes"
service,54,"The Ritz-Carlton Orlando, Grande Lakes"
pool,13,Formosa Garden Pool Home
hot,7,Formosa Garden Pool Home
home,6,Formosa Garden Pool Home
everything,6,Formosa Garden Pool Home
heat,6,Formosa Garden Pool Home
room,421,Renaissance Orlando at SeaWorld®
hotel,353,Renaissance Orlando at SeaWorld®
staff,235,Renaissance Orlando at SeaWorld®
great,205,Renaissance Orlando at SeaWorld®
pool,201,Renaissance Orlando at SeaWorld®
room,850,Caribe Royale Orlando Near Disney
pool,613,Caribe Royale Orlando Near Disney
great,404,Caribe Royale Orlando Near Disney
hotel,392,Caribe Royale Orlando Near Disney
staff,360,Caribe Royale Orlando Near Disney
room,727,Wyndham Grand Orlando Resort Bonnet Creek
hotel,412,Wyndham Grand Orlando Resort Bonnet Creek
pool,367,Wyndham Grand Orlando Resort Bonnet Creek
staff,338,Wyndham Grand Orlando Resort Bonnet Creek
great,322,Wyndham Grand Orlando Resort Bonnet Creek
location,111,Vista Cay Resort by Millenium at Universal Blvd.
room,101,Vista Cay Resort by Millenium at Universal Blvd.
great,82,Vista Cay Resort by Millenium at Universal Blvd.
pool,80,Vista Cay Resort by Millenium at Universal Blvd.
bed,68,Vista Cay Resort by Millenium at Universal Blvd.
room,16,Orlando Escape
location,15,Orlando Escape
property,13,Orlando Escape
spacious,12,Orlando Escape
condo,12,Orlando Escape
room,34,Universal’s Family Suites at Cabana Bay Beach Resort
great,23,Universal’s Family Suites at Cabana Bay Beach Resort
park,18,Universal’s Family Suites at Cabana Bay Beach Resort
pool,17,Universal’s Family Suites at Cabana Bay Beach Resort
get,17,Universal’s Family Suites at Cabana Bay Beach Resort
house,11,The Boat House
great,5,The Boat House
room,4,The Boat House
time,4,The Boat House
loved,4,The Boat House
room,116,Homewood Suites by Hilton Orlando-Nearest to Universal Studios
breakfast,106,Homewood Suites by Hilton Orlando-Nearest to Universal Studios
staff,98,Homewood Suites by Hilton Orlando-Nearest to Universal Studios
great,73,Homewood Suites by Hilton Orlando-Nearest to Universal Studios
good,69,Homewood Suites by Hilton Orlando-Nearest to Universal Studios
room,576,Quality Inn & Suites By The Parks
breakfast,504,Quality Inn & Suites By The Parks
staff,399,Quality Inn & Suites By The Parks
clean,295,Quality Inn & Suites By The Parks
good,282,Quality Inn & Suites By The Parks
room,91,Villas of Grand Cypress
staff,63,Villas of Grand Cypress
villa,48,Villas of Grand Cypress
great,45,Villas of Grand Cypress
service,40,Villas of Grand Cypress
room,125,Hyatt Place across from Universal Orlando Resort
breakfast,110,Hyatt Place across from Universal Orlando Resort
staff,107,Hyatt Place across from Universal Orlando Resort
universal,78,Hyatt Place across from Universal Orlando Resort
location,64,Hyatt Place across from Universal Orlando Resort
nice,3,Disney Bunk Room--Windsor Hills
room,3,Disney Bunk Room--Windsor Hills
well,2,Disney Bunk Room--Windsor Hills
pool,2,Disney Bunk Room--Windsor Hills
kept,1,Disney Bunk Room--Windsor Hills
room,243,Blue Heron Beach Resort
location,159,Blue Heron Beach Resort
pool,152,Blue Heron Beach Resort
view,149,Blue Heron Beach Resort
great,147,Blue Heron Beach Resort
breakfast,151,Holiday Inn Express-International Drive
room,127,Holiday Inn Express-International Drive
staff,93,Holiday Inn Express-International Drive
clean,86,Holiday Inn Express-International Drive
location,78,Holiday Inn Express-International Drive
pool,333,Hyatt Regency Grand Cypress
room,316,Hyatt Regency Grand Cypress
hotel,250,Hyatt Regency Grand Cypress
staff,243,Hyatt Regency Grand Cypress
great,195,Hyatt Regency Grand Cypress
room,44,Courtyard by Marriott Orlando South/John Young Parkway
hotel,41,Courtyard by Marriott Orlando South/John Young Parkway
staff,31,Courtyard by Marriott Orlando South/John Young Parkway
clean,28,Courtyard by Marriott Orlando South/John Young Parkway
nice,23,Courtyard by Marriott Orlando South/John Young Parkway
pool,54,Loyalty Vacation Homes - Kissimmee
home,36,Loyalty Vacation Homes - Kissimmee
house,29,Loyalty Vacation Homes - Kissimmee
great,27,Loyalty Vacation Homes - Kissimmee
everything,25,Loyalty Vacation Homes - Kissimmee
breakfast,130,Comfort Suites
room,110,Comfort Suites
staff,79,Comfort Suites
good,72,Comfort Suites
great,71,Comfort Suites
room,899,Best Western Orlando Gateway Hotel
staff,635,Best Western Orlando Gateway Hotel
hotel,519,Best Western Orlando Gateway Hotel
location,435,Best Western Orlando Gateway Hotel
great,396,Best Western Orlando Gateway Hotel
room,343,Sheraton Suites Orlando Airport Hotel
staff,178,Sheraton Suites Orlando Airport Hotel
hotel,145,Sheraton Suites Orlando Airport Hotel
airport,139,Sheraton Suites Orlando Airport Hotel
bed,136,Sheraton Suites Orlando Airport Hotel
breakfast,181,Fairfield Inn & Suites by Marriott Orlando International Drive/Convention Center
room,176,Fairfield Inn & Suites by Marriott Orlando International Drive/Convention Center
staff,152,Fairfield Inn & Suites by Marriott Orlando International Drive/Convention Center
location,116,Fairfield Inn & Suites by Marriott Orlando International Drive/Convention Center
hotel,112,Fairfield Inn & Suites by Marriott Orlando International Drive/Convention Center
room,239,Hilton Orlando
pool,233,Hilton Orlando
staff,169,Hilton Orlando
hotel,156,Hilton Orlando
great,120,Hilton Orlando
room,71,Marriott's Cypress Harbour Villas
staff,53,Marriott's Cypress Harbour Villas
everything,53,Marriott's Cypress Harbour Villas
great,42,Marriott's Cypress Harbour Villas
location,33,Marriott's Cypress Harbour Villas
gate,3,Oakwater Resort 7514
property,2,Oakwater Resort 7514
disney,2,Oakwater Resort 7514
park,2,Oakwater Resort 7514
home,2,Oakwater Resort 7514
room,310,Cypress Pointe Resort by Diamond Resorts
pool,110,Cypress Pointe Resort by Diamond Resorts
everything,108,Cypress Pointe Resort by Diamond Resorts
great,102,Cypress Pointe Resort by Diamond Resorts
staff,90,Cypress Pointe Resort by Diamond Resorts
location,18,Universal Studios Area Apartment
apartment,11,Universal Studios Area Apartment
would,9,Universal Studios Area Apartment
nice,8,Universal Studios Area Apartment
spacious,7,Universal Studios Area Apartment
room,161,Grande Villas Resort By Diamond Resorts
great,97,Grande Villas Resort By Diamond Resorts
pool,97,Grande Villas Resort By Diamond Resorts
staff,96,Grande Villas Resort By Diamond Resorts
location,87,Grande Villas Resort By Diamond Resorts
room,149,Legacy Vacation Resorts - Lake Buena Vista
location,85,Legacy Vacation Resorts - Lake Buena Vista
staff,71,Legacy Vacation Resorts - Lake Buena Vista
everything,61,Legacy Vacation Resorts - Lake Buena Vista
great,59,Legacy Vacation Resorts - Lake Buena Vista
room,111,Grand Beach Resort By Diamond Resorts
resort,70,Grand Beach Resort By Diamond Resorts
great,62,Grand Beach Resort By Diamond Resorts
staff,61,Grand Beach Resort By Diamond Resorts
clean,56,Grand Beach Resort By Diamond Resorts
house,6,Patty's Place
everything,5,Patty's Place
would,4,Patty's Place
clean,4,Patty's Place
also,4,Patty's Place
room,84,Hampton Inn & Suites Orlando/Downtown South - Medical Center
breakfast,65,Hampton Inn & Suites Orlando/Downtown South - Medical Center
staff,65,Hampton Inn & Suites Orlando/Downtown South - Medical Center
hotel,54,Hampton Inn & Suites Orlando/Downtown South - Medical Center
clean,52,Hampton Inn & Suites Orlando/Downtown South - Medical Center
room,103,Parkway International Celebration Area By Diamond Resorts
staff,60,Parkway International Celebration Area By Diamond Resorts
pool,57,Parkway International Celebration Area By Diamond Resorts
location,50,Parkway International Celebration Area By Diamond Resorts
great,45,Parkway International Celebration Area By Diamond Resorts
pool,3,Rocco's Retreat
place,2,Rocco's Retreat
great,2,Rocco's Retreat
alarm,2,Rocco's Retreat
trash,2,Rocco's Retreat
room,51,Holiday Inn Express & Suites - Orlando At Seaworld
breakfast,48,Holiday Inn Express & Suites - Orlando At Seaworld
clean,40,Holiday Inn Express & Suites - Orlando At Seaworld
great,26,Holiday Inn Express & Suites - Orlando At Seaworld
pool,25,Holiday Inn Express & Suites - Orlando At Seaworld
room,398,Mystic Dunes Resort & Golf Club By Diamond Resorts
pool,181,Mystic Dunes Resort & Golf Club By Diamond Resorts
everything,162,Mystic Dunes Resort & Golf Club By Diamond Resorts
staff,136,Mystic Dunes Resort & Golf Club By Diamond Resorts
great,136,Mystic Dunes Resort & Golf Club By Diamond Resorts
room,208,Wingate By Wyndham - Orlando International Airport
breakfast,155,Wingate By Wyndham - Orlando International Airport
airport,136,Wingate By Wyndham - Orlando International Airport
bed,115,Wingate By Wyndham - Orlando International Airport
staff,111,Wingate By Wyndham - Orlando International Airport
room,309,Comfort Suites Orlando Airport
breakfast,249,Comfort Suites Orlando Airport
airport,197,Comfort Suites Orlando Airport
staff,191,Comfort Suites Orlando Airport
bed,163,Comfort Suites Orlando Airport
room,109,Hampton Inn & Suites Orlando-East UCF
breakfast,83,Hampton Inn & Suites Orlando-East UCF
clean,72,Hampton Inn & Suites Orlando-East UCF
staff,65,Hampton Inn & Suites Orlando-East UCF
great,46,Hampton Inn & Suites Orlando-East UCF
room,110,Aloft Orlando Downtown
staff,63,Aloft Orlando Downtown
location,59,Aloft Orlando Downtown
hotel,57,Aloft Orlando Downtown
great,55,Aloft Orlando Downtown
pool,5,Playhouse
bed,2,Playhouse
swimming,1,Playhouse
hot,1,Playhouse
tub,1,Playhouse
home,3,Encore Club Orlando
pool,2,Encore Club Orlando
great,2,Encore Club Orlando
everything,2,Encore Club Orlando
amazing,2,Encore Club Orlando
room,155,The Florida Hotel & Conference Center - BW Premier Collection
hotel,144,The Florida Hotel & Conference Center - BW Premier Collection
mall,121,The Florida Hotel & Conference Center - BW Premier Collection
location,108,The Florida Hotel & Conference Center - BW Premier Collection
staff,100,The Florida Hotel & Conference Center - BW Premier Collection
pool,134,JW Marriott Orlando Grande Lakes
room,131,JW Marriott Orlando Grande Lakes
hotel,88,JW Marriott Orlando Grande Lakes
staff,88,JW Marriott Orlando Grande Lakes
great,79,JW Marriott Orlando Grande Lakes
room,470,Best Western Lake Buena Vista – Disney Springs® Resort Area
disney,316,Best Western Lake Buena Vista – Disney Springs® Resort Area
staff,257,Best Western Lake Buena Vista – Disney Springs® Resort Area
location,252,Best Western Lake Buena Vista – Disney Springs® Resort Area
hotel,232,Best Western Lake Buena Vista – Disney Springs® Resort Area
room,213,Embassy Suites by Hilton- Lake Buena Vista Resort
breakfast,169,Embassy Suites by Hilton- Lake Buena Vista Resort
pool,111,Embassy Suites by Hilton- Lake Buena Vista Resort
staff,108,Embassy Suites by Hilton- Lake Buena Vista Resort
hotel,105,Embassy Suites by Hilton- Lake Buena Vista Resort
towel,10,Luxury Windsor Hills Condo
location,9,Luxury Windsor Hills Condo
property,9,Luxury Windsor Hills Condo
great,8,Luxury Windsor Hills Condo
condo,7,Luxury Windsor Hills Condo
breakfast,76,Homewood Suites by Hilton Lake Buena Vista
room,74,Homewood Suites by Hilton Lake Buena Vista
staff,51,Homewood Suites by Hilton Lake Buena Vista
great,50,Homewood Suites by Hilton Lake Buena Vista
hotel,35,Homewood Suites by Hilton Lake Buena Vista
room,38,Fairfield Inn & Suites by Marriott Orlando Kissimmee/Celebration
breakfast,27,Fairfield Inn & Suites by Marriott Orlando Kissimmee/Celebration
staff,24,Fairfield Inn & Suites by Marriott Orlando Kissimmee/Celebration
good,23,Fairfield Inn & Suites by Marriott Orlando Kissimmee/Celebration
clean,20,Fairfield Inn & Suites by Marriott Orlando Kissimmee/Celebration
breakfast,78,Embassy Suites by Hilton Orlando International Drive I Drive 360
room,77,Embassy Suites by Hilton Orlando International Drive I Drive 360
hotel,52,Embassy Suites by Hilton Orlando International Drive I Drive 360
great,47,Embassy Suites by Hilton Orlando International Drive I Drive 360
staff,40,Embassy Suites by Hilton Orlando International Drive I Drive 360
room,126,"Grand Bohemian Hotel Orlando, Autograph Collection"
hotel,82,"Grand Bohemian Hotel Orlando, Autograph Collection"
staff,68,"Grand Bohemian Hotel Orlando, Autograph Collection"
bed,56,"Grand Bohemian Hotel Orlando, Autograph Collection"
location,51,"Grand Bohemian Hotel Orlando, Autograph Collection"
room,67,Embassy Suites Orlando - Downtown
breakfast,54,Embassy Suites Orlando - Downtown
great,47,Embassy Suites Orlando - Downtown
hotel,40,Embassy Suites Orlando - Downtown
location,38,Embassy Suites Orlando - Downtown
room,57,Holiday Inn Orlando East-UCF Area
staff,38,Holiday Inn Orlando East-UCF Area
clean,35,Holiday Inn Orlando East-UCF Area
bed,31,Holiday Inn Orlando East-UCF Area
nice,26,Holiday Inn Orlando East-UCF Area
room,1006,Clarion Inn & Suites Universal Studios Area
hotel,408,Clarion Inn & Suites Universal Studios Area
clean,399,Clarion Inn & Suites Universal Studios Area
universal,337,Clarion Inn & Suites Universal Studios Area
staff,315,Clarion Inn & Suites Universal Studios Area
pool,2,Encore Club at Reunion - 5BD Home - EC101
heat,2,Encore Club at Reunion - 5BD Home - EC101
day,2,Encore Club at Reunion - 5BD Home - EC101
everything,2,Encore Club at Reunion - 5BD Home - EC101
community,1,Encore Club at Reunion - 5BD Home - EC101
room,123,Hyatt Place Orlando Airport
breakfast,99,Hyatt Place Orlando Airport
staff,85,Hyatt Place Orlando Airport
great,54,Hyatt Place Orlando Airport
bed,51,Hyatt Place Orlando Airport
room,57,Marriott's Harbour Lake
pool,47,Marriott's Harbour Lake
kid,47,Marriott's Harbour Lake
great,44,Marriott's Harbour Lake
staff,42,Marriott's Harbour Lake
room,340,Gaylord Palms Resort & Convention Center
pool,222,Gaylord Palms Resort & Convention Center
hotel,220,Gaylord Palms Resort & Convention Center
parking,152,Gaylord Palms Resort & Convention Center
staff,146,Gaylord Palms Resort & Convention Center
staff,62,Hilton Garden Inn Orlando International Drive North
room,52,Hilton Garden Inn Orlando International Drive North
clean,40,Hilton Garden Inn Orlando International Drive North
hotel,40,Hilton Garden Inn Orlando International Drive North
universal,35,Hilton Garden Inn Orlando International Drive North
room,108,Park Plaza Hotel Orlando - Winter Park
location,103,Park Plaza Hotel Orlando - Winter Park
hotel,98,Park Plaza Hotel Orlando - Winter Park
staff,87,Park Plaza Hotel Orlando - Winter Park
train,80,Park Plaza Hotel Orlando - Winter Park
room,189,Blue Tree Resort at Lake Buena Vista
bed,99,Blue Tree Resort at Lake Buena Vista
great,91,Blue Tree Resort at Lake Buena Vista
location,88,Blue Tree Resort at Lake Buena Vista
pool,85,Blue Tree Resort at Lake Buena Vista
room,112,"Castle Hotel, Autograph Collection"
hotel,88,"Castle Hotel, Autograph Collection"
staff,69,"Castle Hotel, Autograph Collection"
great,49,"Castle Hotel, Autograph Collection"
location,48,"Castle Hotel, Autograph Collection"
loved,3,Tink's Movie Castle
house,3,Tink's Movie Castle
clean,2,Tink's Movie Castle
easy,2,Tink's Movie Castle
pool,2,Tink's Movie Castle
room,34,Courtyard by Marriott Orlando Lake Nona
hotel,28,Courtyard by Marriott Orlando Lake Nona
clean,21,Courtyard by Marriott Orlando Lake Nona
staff,20,Courtyard by Marriott Orlando Lake Nona
bed,17,Courtyard by Marriott Orlando Lake Nona
room,176,Wingate by Wyndham - Universal Studios and Convention Center
breakfast,156,Wingate by Wyndham - Universal Studios and Convention Center
staff,103,Wingate by Wyndham - Universal Studios and Convention Center
hotel,87,Wingate by Wyndham - Universal Studios and Convention Center
clean,86,Wingate by Wyndham - Universal Studios and Convention Center
room,102,Hilton Garden Inn Orlando at SeaWorld
staff,82,Hilton Garden Inn Orlando at SeaWorld
bed,68,Hilton Garden Inn Orlando at SeaWorld
breakfast,62,Hilton Garden Inn Orlando at SeaWorld
hotel,58,Hilton Garden Inn Orlando at SeaWorld
room,284,"Hawthorn Suites by Wyndham Lake Buena Vista, a staySky Hotel & Resort"
breakfast,179,"Hawthorn Suites by Wyndham Lake Buena Vista, a staySky Hotel & Resort"
staff,124,"Hawthorn Suites by Wyndham Lake Buena Vista, a staySky Hotel & Resort"
good,115,"Hawthorn Suites by Wyndham Lake Buena Vista, a staySky Hotel & Resort"
hotel,106,"Hawthorn Suites by Wyndham Lake Buena Vista, a staySky Hotel & Resort"
pool,10,Celebrate BR
would,8,Celebrate BR
house,6,Celebrate BR
could,6,Celebrate BR
location,5,Celebrate BR
room,380,Best Western Orlando Convention Center Hotel
breakfast,356,Best Western Orlando Convention Center Hotel
staff,273,Best Western Orlando Convention Center Hotel
good,186,Best Western Orlando Convention Center Hotel
location,159,Best Western Orlando Convention Center Hotel
room,94,DoubleTree Suites by Hilton Orlando at Disney Springs
staff,48,DoubleTree Suites by Hilton Orlando at Disney Springs
location,39,DoubleTree Suites by Hilton Orlando at Disney Springs
great,37,DoubleTree Suites by Hilton Orlando at Disney Springs
disney,34,DoubleTree Suites by Hilton Orlando at Disney Springs
room,309,Best Western International Drive - Orlando
breakfast,221,Best Western International Drive - Orlando
location,216,Best Western International Drive - Orlando
staff,145,Best Western International Drive - Orlando
good,144,Best Western International Drive - Orlando
room,317,Holiday Inn Resort Orlando - Lake Buena Vista
staff,155,Holiday Inn Resort Orlando - Lake Buena Vista
hotel,146,Holiday Inn Resort Orlando - Lake Buena Vista
pool,141,Holiday Inn Resort Orlando - Lake Buena Vista
great,119,Holiday Inn Resort Orlando - Lake Buena Vista
house,9,Autumn Villa IC049
clean,5,Autumn Villa IC049
would,4,Autumn Villa IC049
wash,3,Autumn Villa IC049
like,3,Autumn Villa IC049
room,361,Crowne Plaza Hotel Orlando Downtown
staff,213,Crowne Plaza Hotel Orlando Downtown
hotel,173,Crowne Plaza Hotel Orlando Downtown
breakfast,148,Crowne Plaza Hotel Orlando Downtown
great,135,Crowne Plaza Hotel Orlando Downtown
pool,14,Disney Home
home,7,Disney Home
clean,7,Disney Home
like,7,Disney Home
house,7,Disney Home
room,35,Embassy Suites Orlando - Airport
breakfast,32,Embassy Suites Orlando - Airport
hotel,28,Embassy Suites Orlando - Airport
airport,26,Embassy Suites Orlando - Airport
staff,17,Embassy Suites Orlando - Airport
home,4,Paradise Palms 5 Bedroom-3503
clean,2,Paradise Palms 5 Bedroom-3503
nice,2,Paradise Palms 5 Bedroom-3503
left,2,Paradise Palms 5 Bedroom-3503
enough,2,Paradise Palms 5 Bedroom-3503
room,124,"Bluegreen Vacations The Fountains, Ascend Resort Collection"
pool,97,"Bluegreen Vacations The Fountains, Ascend Resort Collection"
great,52,"Bluegreen Vacations The Fountains, Ascend Resort Collection"
everything,50,"Bluegreen Vacations The Fountains, Ascend Resort Collection"
staff,48,"Bluegreen Vacations The Fountains, Ascend Resort Collection"
location,72,Mickey Family Vacation Home
bed,71,Mickey Family Vacation Home
clean,66,Mickey Family Vacation Home
great,65,Mickey Family Vacation Home
room,60,Mickey Family Vacation Home
staff,52,Holiday Inn Express Hotel & Suites Orlando East-UCF Area
room,45,Holiday Inn Express Hotel & Suites Orlando East-UCF Area
clean,40,Holiday Inn Express Hotel & Suites Orlando East-UCF Area
breakfast,37,Holiday Inn Express Hotel & Suites Orlando East-UCF Area
friendly,29,Holiday Inn Express Hotel & Suites Orlando East-UCF Area
room,427,Quality Suites Orlando Kissimmee The Royale Parc Suites
breakfast,314,Quality Suites Orlando Kissimmee The Royale Parc Suites
pool,225,Quality Suites Orlando Kissimmee The Royale Parc Suites
staff,220,Quality Suites Orlando Kissimmee The Royale Parc Suites
great,169,Quality Suites Orlando Kissimmee The Royale Parc Suites
room,90,Grand Lake & Lifetime of Vacations Resorts
staff,60,Grand Lake & Lifetime of Vacations Resorts
great,60,Grand Lake & Lifetime of Vacations Resorts
location,52,Grand Lake & Lifetime of Vacations Resorts
clean,52,Grand Lake & Lifetime of Vacations Resorts
room,284,Wyndham Lake Buena Vista Resort Disney Springs® Resort Area
disney,224,Wyndham Lake Buena Vista Resort Disney Springs® Resort Area
location,181,Wyndham Lake Buena Vista Resort Disney Springs® Resort Area
hotel,159,Wyndham Lake Buena Vista Resort Disney Springs® Resort Area
staff,156,Wyndham Lake Buena Vista Resort Disney Springs® Resort Area
room,63,"Bohemian Hotel Celebration, Autograph Collection"
location,51,"Bohemian Hotel Celebration, Autograph Collection"
hotel,42,"Bohemian Hotel Celebration, Autograph Collection"
staff,37,"Bohemian Hotel Celebration, Autograph Collection"
area,25,"Bohemian Hotel Celebration, Autograph Collection"
room,239,Orlando World Center Marriott
pool,186,Orlando World Center Marriott
hotel,160,Orlando World Center Marriott
great,109,Orlando World Center Marriott
parking,108,Orlando World Center Marriott
great,4,Oakwater Resort Two Bedroom Apartment 1X5
location,3,Oakwater Resort Two Bedroom Apartment 1X5
single,2,Oakwater Resort Two Bedroom Apartment 1X5
bed,2,Oakwater Resort Two Bedroom Apartment 1X5
really,2,Oakwater Resort Two Bedroom Apartment 1X5
room,108,Hilton Orlando Bonnet Creek
staff,108,Hilton Orlando Bonnet Creek
pool,100,Hilton Orlando Bonnet Creek
hotel,93,Hilton Orlando Bonnet Creek
great,79,Hilton Orlando Bonnet Creek
breakfast,30,Homewood Suites by Hilton Orlando-UCF Area
room,27,Homewood Suites by Hilton Orlando-UCF Area
staff,27,Homewood Suites by Hilton Orlando-UCF Area
hotel,21,Homewood Suites by Hilton Orlando-UCF Area
clean,19,Homewood Suites by Hilton Orlando-UCF Area
property,8,Six Bedrooms with Private Pool (1744)
house,7,Six Bedrooms with Private Pool (1744)
hot,6,Six Bedrooms with Private Pool (1744)
time,6,Six Bedrooms with Private Pool (1744)
water,6,Six Bedrooms with Private Pool (1744)
room,403,staySky Suites I-Drive Orlando
breakfast,299,staySky Suites I-Drive Orlando
staff,217,staySky Suites I-Drive Orlando
location,182,staySky Suites I-Drive Orlando
great,176,staySky Suites I-Drive Orlando
room,26,Vist Cay Inn
location,23,Vist Cay Inn
bed,17,Vist Cay Inn
like,16,Vist Cay Inn
clean,16,Vist Cay Inn
room,764,Westgate Lakes Resort and Spa
staff,247,Westgate Lakes Resort and Spa
everything,238,Westgate Lakes Resort and Spa
parking,224,Westgate Lakes Resort and Spa
bed,180,Westgate Lakes Resort and Spa
house,59,Alamo Vacation Homes
location,44,Alamo Vacation Homes
property,42,Alamo Vacation Homes
key,36,Alamo Vacation Homes
home,31,Alamo Vacation Homes
room,147,Comfort Inn International Drive
breakfast,79,Comfort Inn International Drive
staff,70,Comfort Inn International Drive
location,68,Comfort Inn International Drive
hotel,59,Comfort Inn International Drive
room,175,Orlando Airport Marriott Lakeside
hotel,94,Orlando Airport Marriott Lakeside
pool,80,Orlando Airport Marriott Lakeside
parking,77,Orlando Airport Marriott Lakeside
staff,75,Orlando Airport Marriott Lakeside
room,266,Hilton Orlando Lake Buena Vista - Disney Springs™ Area
disney,201,Hilton Orlando Lake Buena Vista - Disney Springs™ Area
hotel,189,Hilton Orlando Lake Buena Vista - Disney Springs™ Area
location,176,Hilton Orlando Lake Buena Vista - Disney Springs™ Area
staff,148,Hilton Orlando Lake Buena Vista - Disney Springs™ Area
house,2,3 Bedroom Standard Kissimmee Home
great,1,3 Bedroom Standard Kissimmee Home
amenity,1,3 Bedroom Standard Kissimmee Home
close,1,3 Bedroom Standard Kissimmee Home
theme,1,3 Bedroom Standard Kissimmee Home
breakfast,70,Hampton Inn Orlando-Convention Center International Drive Area
room,68,Hampton Inn Orlando-Convention Center International Drive Area
staff,64,Hampton Inn Orlando-Convention Center International Drive Area
good,42,Hampton Inn Orlando-Convention Center International Drive Area
location,37,Hampton Inn Orlando-Convention Center International Drive Area
breakfast,114,Ramada Plaza Suites Universal Studios
room,112,Ramada Plaza Suites Universal Studios
hotel,60,Ramada Plaza Suites Universal Studios
location,60,Ramada Plaza Suites Universal Studios
staff,52,Ramada Plaza Suites Universal Studios
location,14,Bryan's Spanish Cove By Diamond Resorts
great,14,Bryan's Spanish Cove By Diamond Resorts
room,14,Bryan's Spanish Cove By Diamond Resorts
nice,11,Bryan's Spanish Cove By Diamond Resorts
like,10,Bryan's Spanish Cove By Diamond Resorts
room,1134,Avanti International Resort Near The Parks
pool,648,Avanti International Resort Near The Parks
location,536,Avanti International Resort Near The Parks
great,401,Avanti International Resort Near The Parks
staff,378,Avanti International Resort Near The Parks
room,600,Westgate Town Center Resort
park,262,Westgate Town Center Resort
water,240,Westgate Town Center Resort
time,235,Westgate Town Center Resort
everything,220,Westgate Town Center Resort
room,493,B Resort and Spa Located in Disney Springs Resort Area
hotel,266,B Resort and Spa Located in Disney Springs Resort Area
staff,198,B Resort and Spa Located in Disney Springs Resort Area
disney,147,B Resort and Spa Located in Disney Springs Resort Area
nice,143,B Resort and Spa Located in Disney Springs Resort Area
room,1209,Holiday Inn Resort Orlando Suites - Waterpark
pool,541,Holiday Inn Resort Orlando Suites - Waterpark
kid,482,Holiday Inn Resort Orlando Suites - Waterpark
park,369,Holiday Inn Resort Orlando Suites - Waterpark
great,368,Holiday Inn Resort Orlando Suites - Waterpark
room,277,Radisson Hotel Orlando - Lake Buena Vista
hotel,214,Radisson Hotel Orlando - Lake Buena Vista
bed,192,Radisson Hotel Orlando - Lake Buena Vista
staff,177,Radisson Hotel Orlando - Lake Buena Vista
location,176,Radisson Hotel Orlando - Lake Buena Vista
room,1291,Comfort Inn Orlando - Lake Buena Vista
breakfast,1119,Comfort Inn Orlando - Lake Buena Vista
bed,622,Comfort Inn Orlando - Lake Buena Vista
elevator,614,Comfort Inn Orlando - Lake Buena Vista
location,611,Comfort Inn Orlando - Lake Buena Vista
room,475,Quality Inn & Suites by the Lake
breakfast,271,Quality Inn & Suites by the Lake
clean,183,Quality Inn & Suites by the Lake
bed,170,Quality Inn & Suites by the Lake
staff,150,Quality Inn & Suites by the Lake
location,2,Regal Oaks Resort 5728
room,2,Regal Oaks Resort 5728
light,2,Regal Oaks Resort 5728
pool,1,Regal Oaks Resort 5728
great,1,Regal Oaks Resort 5728
room,506,Buena Vista Suites
breakfast,470,Buena Vista Suites
staff,250,Buena Vista Suites
hotel,234,Buena Vista Suites
good,228,Buena Vista Suites
room,94,Comfort Suites Downtown
breakfast,89,Comfort Suites Downtown
staff,58,Comfort Suites Downtown
bed,56,Comfort Suites Downtown
hotel,50,Comfort Suites Downtown
room,860,Quality Inn At International Drive Orlando
breakfast,551,Quality Inn At International Drive Orlando
location,494,Quality Inn At International Drive Orlando
staff,347,Quality Inn At International Drive Orlando
good,342,Quality Inn At International Drive Orlando
villa,12,Orlando Disney Area - Windsor Hills Resort
location,6,Orlando Disney Area - Windsor Hills Resort
good,5,Orlando Disney Area - Windsor Hills Resort
needed,5,Orlando Disney Area - Windsor Hills Resort
pool,4,Orlando Disney Area - Windsor Hills Resort
room,468,La Quinta Inn Orlando Near Universal
breakfast,398,La Quinta Inn Orlando Near Universal
location,271,La Quinta Inn Orlando Near Universal
staff,246,La Quinta Inn Orlando Near Universal
hotel,185,La Quinta Inn Orlando Near Universal
house,225,Lake or Conservation View Vacation Homes
pool,205,Lake or Conservation View Vacation Homes
home,114,Lake or Conservation View Vacation Homes
bed,98,Lake or Conservation View Vacation Homes
clean,83,Lake or Conservation View Vacation Homes
room,272,Quality Suites Lake Buena Vista near Walt Disney World
breakfast,248,Quality Suites Lake Buena Vista near Walt Disney World
staff,146,Quality Suites Lake Buena Vista near Walt Disney World
location,137,Quality Suites Lake Buena Vista near Walt Disney World
good,131,Quality Suites Lake Buena Vista near Walt Disney World
room,1455,Wyndham Garden Lake Buena Vista Disney Springs® Resort Area
disney,802,Wyndham Garden Lake Buena Vista Disney Springs® Resort Area
location,621,Wyndham Garden Lake Buena Vista Disney Springs® Resort Area
hotel,583,Wyndham Garden Lake Buena Vista Disney Springs® Resort Area
spring,496,Wyndham Garden Lake Buena Vista Disney Springs® Resort Area
room,654,Red Lion Hotel Orlando Kissimmee Maingate
clean,276,Red Lion Hotel Orlando Kissimmee Maingate
hotel,259,Red Lion Hotel Orlando Kissimmee Maingate
bed,225,Red Lion Hotel Orlando Kissimmee Maingate
location,222,Red Lion Hotel Orlando Kissimmee Maingate
breakfast,259,Fairfield Inn & Suites by Marriott Orlando Lake Buena Vista
room,235,Fairfield Inn & Suites by Marriott Orlando Lake Buena Vista
staff,152,Fairfield Inn & Suites by Marriott Orlando Lake Buena Vista
bed,147,Fairfield Inn & Suites by Marriott Orlando Lake Buena Vista
hotel,137,Fairfield Inn & Suites by Marriott Orlando Lake Buena Vista
room,536,Comfort Inn & Suites Convention Center
breakfast,484,Comfort Inn & Suites Convention Center
staff,286,Comfort Inn & Suites Convention Center
good,241,Comfort Inn & Suites Convention Center
location,240,Comfort Inn & Suites Convention Center
room,508,Sunsol International Drive
breakfast,412,Sunsol International Drive
location,257,Sunsol International Drive
clean,218,Sunsol International Drive
staff,185,Sunsol International Drive
room,219,Westgate Palace Resort
staff,95,Westgate Palace Resort
location,83,Westgate Palace Resort
bed,79,Westgate Palace Resort
time,69,Westgate Palace Resort
house,73,DWS Vacation Villas
pool,73,DWS Vacation Villas
bed,57,DWS Vacation Villas
room,47,DWS Vacation Villas
day,42,DWS Vacation Villas
pool,43,"Disney-World Orlando Area, U.S.A - Paradise Palms Resort"
house,28,"Disney-World Orlando Area, U.S.A - Paradise Palms Resort"
property,24,"Disney-World Orlando Area, U.S.A - Paradise Palms Resort"
clean,23,"Disney-World Orlando Area, U.S.A - Paradise Palms Resort"
room,22,"Disney-World Orlando Area, U.S.A - Paradise Palms Resort"
bedroom,4,Regal Oaks 2716
door,2,Regal Oaks 2716
couldn’t,2,Regal Oaks 2716
could,2,Regal Oaks 2716
use,2,Regal Oaks 2716
room,39,Ramada by Wyndham Orlando Florida Mall
breakfast,33,Ramada by Wyndham Orlando Florida Mall
clean,30,Ramada by Wyndham Orlando Florida Mall
location,28,Ramada by Wyndham Orlando Florida Mall
good,26,Ramada by Wyndham Orlando Florida Mall
villa,3,"8 Bedrooms with Private Pool, Spa and Grill (1803)"
dirty,3,"8 Bedrooms with Private Pool, Spa and Grill (1803)"
service,3,"8 Bedrooms with Private Pool, Spa and Grill (1803)"
high,2,"8 Bedrooms with Private Pool, Spa and Grill (1803)"
good,2,"8 Bedrooms with Private Pool, Spa and Grill (1803)"
room,670,Days Inn by Wyndham Orlando Conv. Center/International Dr
location,398,Days Inn by Wyndham Orlando Conv. Center/International Dr
staff,250,Days Inn by Wyndham Orlando Conv. Center/International Dr
bed,244,Days Inn by Wyndham Orlando Conv. Center/International Dr
clean,238,Days Inn by Wyndham Orlando Conv. Center/International Dr
room,912,Clarion Inn & Suites at International Drive
breakfast,367,Clarion Inn & Suites at International Drive
location,350,Clarion Inn & Suites at International Drive
staff,311,Clarion Inn & Suites at International Drive
hotel,294,Clarion Inn & Suites at International Drive
room,297,Parc Corniche Condominium Suites
breakfast,234,Parc Corniche Condominium Suites
bed,150,Parc Corniche Condominium Suites
location,138,Parc Corniche Condominium Suites
good,113,Parc Corniche Condominium Suites
room,326,Holiday Inn & Suites Orlando Universal
hotel,142,Holiday Inn & Suites Orlando Universal
location,141,Holiday Inn & Suites Orlando Universal
universal,139,Holiday Inn & Suites Orlando Universal
staff,139,Holiday Inn & Suites Orlando Universal
room,272,Floridian Express International Drive
breakfast,141,Floridian Express International Drive
location,132,Floridian Express International Drive
hotel,108,Floridian Express International Drive
clean,91,Floridian Express International Drive
room,504,Midpointe Hotel by Rosen Hotels & Resorts
location,298,Midpointe Hotel by Rosen Hotels & Resorts
clean,198,Midpointe Hotel by Rosen Hotels & Resorts
staff,183,Midpointe Hotel by Rosen Hotels & Resorts
bed,148,Midpointe Hotel by Rosen Hotels & Resorts
room,219,Courtyard Orlando Lake Buena Vista at Vista Centre
breakfast,143,Courtyard Orlando Lake Buena Vista at Vista Centre
location,135,Courtyard Orlando Lake Buena Vista at Vista Centre
staff,119,Courtyard Orlando Lake Buena Vista at Vista Centre
great,115,Courtyard Orlando Lake Buena Vista at Vista Centre
room,452,Comfort Inn Maingate
breakfast,349,Comfort Inn Maingate
hotel,202,Comfort Inn Maingate
staff,196,Comfort Inn Maingate
bed,195,Comfort Inn Maingate
room,1034,Rodeway Inn Maingate
breakfast,787,Rodeway Inn Maingate
location,472,Rodeway Inn Maingate
good,415,Rodeway Inn Maingate
clean,415,Rodeway Inn Maingate
room,61,Westgate Blue Tree Resort
nice,36,Westgate Blue Tree Resort
staff,35,Westgate Blue Tree Resort
great,34,Westgate Blue Tree Resort
location,32,Westgate Blue Tree Resort
room,604,Baymont by Wyndham Orlando Universal Blvd
breakfast,356,Baymont by Wyndham Orlando Universal Blvd
location,233,Baymont by Wyndham Orlando Universal Blvd
staff,211,Baymont by Wyndham Orlando Universal Blvd
clean,196,Baymont by Wyndham Orlando Universal Blvd
room,584,Econo Lodge International Drive
breakfast,562,Econo Lodge International Drive
location,378,Econo Lodge International Drive
clean,252,Econo Lodge International Drive
good,238,Econo Lodge International Drive
room,786,Quality Suites Orlando Close to I-Drive
breakfast,556,Quality Suites Orlando Close to I-Drive
pool,359,Quality Suites Orlando Close to I-Drive
bed,327,Quality Suites Orlando Close to I-Drive
staff,307,Quality Suites Orlando Close to I-Drive
property,4,Windsor Hills
clean,4,Windsor Hills
facility,4,Windsor Hills
nice,3,Windsor Hills
pool,3,Windsor Hills
room,600,La Quinta Inn Orlando Airport West
airport,351,La Quinta Inn Orlando Airport West
staff,312,La Quinta Inn Orlando Airport West
breakfast,235,La Quinta Inn Orlando Airport West
bed,231,La Quinta Inn Orlando Airport West
room,333,Crowne Plaza Hotel Orlando-Universal
hotel,205,Crowne Plaza Hotel Orlando-Universal
staff,195,Crowne Plaza Hotel Orlando-Universal
parking,146,Crowne Plaza Hotel Orlando-Universal
great,139,Crowne Plaza Hotel Orlando-Universal
room,709,Hilton Orlando Buena Vista Palace - Disney Springs Area
hotel,355,Hilton Orlando Buena Vista Palace - Disney Springs Area
pool,297,Hilton Orlando Buena Vista Palace - Disney Springs Area
disney,280,Hilton Orlando Buena Vista Palace - Disney Springs Area
location,246,Hilton Orlando Buena Vista Palace - Disney Springs Area
room,494,Avanti Palms Resort And Conference Center
pool,190,Avanti Palms Resort And Conference Center
bathroom,130,Avanti Palms Resort And Conference Center
location,117,Avanti Palms Resort And Conference Center
hotel,115,Avanti Palms Resort And Conference Center
room,321,Melia Orlando Hotel
hotel,132,Melia Orlando Hotel
staff,127,Melia Orlando Hotel
pool,115,Melia Orlando Hotel
bed,105,Melia Orlando Hotel
room,1117,Wyndham Orlando Resort International Drive
location,423,Wyndham Orlando Resort International Drive
bed,319,Wyndham Orlando Resort International Drive
pool,297,Wyndham Orlando Resort International Drive
hotel,296,Wyndham Orlando Resort International Drive
house,3,Eight Bedrooms with Private Pool and Spa (1756)
ac,2,Eight Bedrooms with Private Pool and Spa (1756)
washing,2,Eight Bedrooms with Private Pool and Spa (1756)
verte,1,Eight Bedrooms with Private Pool and Spa (1756)
nice,1,Eight Bedrooms with Private Pool and Spa (1756)
room,1304,Ramada Plaza Resort & Suites by Wyndham Orlando Intl Drive
breakfast,800,Ramada Plaza Resort & Suites by Wyndham Orlando Intl Drive
hotel,519,Ramada Plaza Resort & Suites by Wyndham Orlando Intl Drive
location,517,Ramada Plaza Resort & Suites by Wyndham Orlando Intl Drive
staff,455,Ramada Plaza Resort & Suites by Wyndham Orlando Intl Drive
room,367,Ramada by Wyndham Suites Orlando Airport
airport,238,Ramada by Wyndham Suites Orlando Airport
breakfast,238,Ramada by Wyndham Suites Orlando Airport
staff,185,Ramada by Wyndham Suites Orlando Airport
bed,180,Ramada by Wyndham Suites Orlando Airport
room,225,Extended Stay America - Orlando - Convention Center - Universal Blvd
breakfast,147,Extended Stay America - Orlando - Convention Center - Universal Blvd
location,118,Extended Stay America - Orlando - Convention Center - Universal Blvd
staff,111,Extended Stay America - Orlando - Convention Center - Universal Blvd
hotel,106,Extended Stay America - Orlando - Convention Center - Universal Blvd
house,88,Golf View Vacation Rentals
pool,86,Golf View Vacation Rentals
home,36,Golf View Vacation Rentals
clean,36,Golf View Vacation Rentals
property,31,Golf View Vacation Rentals
room,894,Ramada by Wyndham Kissimmee Gateway
location,309,Ramada by Wyndham Kissimmee Gateway
staff,274,Ramada by Wyndham Kissimmee Gateway
bed,269,Ramada by Wyndham Kissimmee Gateway
hotel,265,Ramada by Wyndham Kissimmee Gateway
room,340,La Quinta Inn & Suites Orlando Universal Area
breakfast,235,La Quinta Inn & Suites Orlando Universal Area
staff,157,La Quinta Inn & Suites Orlando Universal Area
location,139,La Quinta Inn & Suites Orlando Universal Area
hotel,125,La Quinta Inn & Suites Orlando Universal Area
great,3,Simba's Lake House
location,3,Simba's Lake House
street,3,Simba's Lake House
pool,3,Simba's Lake House
one,3,Simba's Lake House
room,638,Days Inn by Wyndham Orlando Airport Florida Mall
breakfast,373,Days Inn by Wyndham Orlando Airport Florida Mall
staff,245,Days Inn by Wyndham Orlando Airport Florida Mall
airport,226,Days Inn by Wyndham Orlando Airport Florida Mall
good,209,Days Inn by Wyndham Orlando Airport Florida Mall
home,3,Six Bedrooms with Private Pool and Spa (1746)
bathroom,3,Six Bedrooms with Private Pool and Spa (1746)
house,2,Six Bedrooms with Private Pool and Spa (1746)
location,1,Six Bedrooms with Private Pool and Spa (1746)
pretty,1,Six Bedrooms with Private Pool and Spa (1746)
space,2,"Five Bedrooms with private Pool, Spa and Grill (1761)"
nice,2,"Five Bedrooms with private Pool, Spa and Grill (1761)"
clean,2,"Five Bedrooms with private Pool, Spa and Grill (1761)"
loved,1,"Five Bedrooms with private Pool, Spa and Grill (1761)"
bedbath,1,"Five Bedrooms with private Pool, Spa and Grill (1761)"
room,177,Red Roof Inn Orlando South - Florida Mall
staff,81,Red Roof Inn Orlando South - Florida Mall
parking,68,Red Roof Inn Orlando South - Florida Mall
clean,68,Red Roof Inn Orlando South - Florida Mall
location,65,Red Roof Inn Orlando South - Florida Mall
room,488,Best Western Airport Inn & Suites
breakfast,364,Best Western Airport Inn & Suites
airport,323,Best Western Airport Inn & Suites
staff,275,Best Western Airport Inn & Suites
good,228,Best Western Airport Inn & Suites
room,240,Holiday Inn Orlando International Airport
hotel,137,Holiday Inn Orlando International Airport
staff,134,Holiday Inn Orlando International Airport
airport,132,Holiday Inn Orlando International Airport
bed,93,Holiday Inn Orlando International Airport
room,232,The Floridian Hotel and Suites
breakfast,171,The Floridian Hotel and Suites
hotel,130,The Floridian Hotel and Suites
location,119,The Floridian Hotel and Suites
staff,99,The Floridian Hotel and Suites
room,1513,Days Inn by Wyndham Orlando/International Drive
location,505,Days Inn by Wyndham Orlando/International Drive
bed,457,Days Inn by Wyndham Orlando/International Drive
hotel,350,Days Inn by Wyndham Orlando/International Drive
dirty,341,Days Inn by Wyndham Orlando/International Drive
house,18,ACO - Windsor Hills with Private pool (1617)
pool,7,ACO - Windsor Hills with Private pool (1617)
need,6,ACO - Windsor Hills with Private pool (1617)
one,6,ACO - Windsor Hills with Private pool (1617)
everything,5,ACO - Windsor Hills with Private pool (1617)
room,534,Altamonte Hotel & Suites
hotel,263,Altamonte Hotel & Suites
pool,185,Altamonte Hotel & Suites
bed,157,Altamonte Hotel & Suites
like,152,Altamonte Hotel & Suites
room,344,Quality Suites Orlando I-Drive Convention Center
breakfast,216,Quality Suites Orlando I-Drive Convention Center
location,126,Quality Suites Orlando I-Drive Convention Center
clean,123,Quality Suites Orlando I-Drive Convention Center
staff,123,Quality Suites Orlando I-Drive Convention Center
everything,2,Paradise Palms 4 Bedroom-3082
home,2,Paradise Palms 4 Bedroom-3082
like,2,Paradise Palms 4 Bedroom-3082
30,2,Paradise Palms 4 Bedroom-3082
liked,1,Paradise Palms 4 Bedroom-3082
needed,2,Paradise Palms 4 Bedroom-3281
felt,1,Paradise Palms 4 Bedroom-3281
like,1,Paradise Palms 4 Bedroom-3281
home,1,Paradise Palms 4 Bedroom-3281
everything,1,Paradise Palms 4 Bedroom-3281
room,395,Quality Inn & Suites
breakfast,369,Quality Inn & Suites
staff,227,Quality Inn & Suites
location,195,Quality Inn & Suites
clean,194,Quality Inn & Suites
room,369,Sheraton Orlando Lake Buena Vista Resort
pool,231,Sheraton Orlando Lake Buena Vista Resort
hotel,164,Sheraton Orlando Lake Buena Vista Resort
staff,157,Sheraton Orlando Lake Buena Vista Resort
bed,151,Sheraton Orlando Lake Buena Vista Resort
pool,15,Windsor Hills Six Bedroom Holiday Home 26Dv29
would,7,Windsor Hills Six Bedroom Holiday Home 26Dv29
home,6,Windsor Hills Six Bedroom Holiday Home 26Dv29
hot,6,Windsor Hills Six Bedroom Holiday Home 26Dv29
great,4,Windsor Hills Six Bedroom Holiday Home 26Dv29
pool,5,Paradise Palms 5 Bedroom-3613
got,3,Paradise Palms 5 Bedroom-3613
one,3,Paradise Palms 5 Bedroom-3613
disney,2,Paradise Palms 5 Bedroom-3613
liked,2,Paradise Palms 5 Bedroom-3613
room,168,Four Points by Sheraton Orlando International Drive
staff,87,Four Points by Sheraton Orlando International Drive
hotel,81,Four Points by Sheraton Orlando International Drive
location,78,Four Points by Sheraton Orlando International Drive
bed,71,Four Points by Sheraton Orlando International Drive
check,6,Eight Bedrooms with Pool and Game Room (1764)
house,4,Eight Bedrooms with Pool and Game Room (1764)
problem,3,Eight Bedrooms with Pool and Game Room (1764)
called,2,Eight Bedrooms with Pool and Game Room (1764)
light,2,Eight Bedrooms with Pool and Game Room (1764)
room,369,Park Inn by Radisson Resort & Conference Center- Orlando- Near Disney
hotel,148,Park Inn by Radisson Resort & Conference Center- Orlando- Near Disney
staff,130,Park Inn by Radisson Resort & Conference Center- Orlando- Near Disney
bed,119,Park Inn by Radisson Resort & Conference Center- Orlando- Near Disney
clean,108,Park Inn by Radisson Resort & Conference Center- Orlando- Near Disney
room,321,Marriott's Grande Vista
staff,146,Marriott's Grande Vista
pool,142,Marriott's Grande Vista
great,124,Marriott's Grande Vista
nice,101,Marriott's Grande Vista
breakfast,193,Best Western Plus Universal Inn
room,169,Best Western Plus Universal Inn
universal,138,Best Western Plus Universal Inn
location,122,Best Western Plus Universal Inn
good,119,Best Western Plus Universal Inn
room,1154,Coco Key Hotel & Water Park Resort
water,755,Coco Key Hotel & Water Park Resort
park,680,Coco Key Hotel & Water Park Resort
staff,361,Coco Key Hotel & Water Park Resort
kid,355,Coco Key Hotel & Water Park Resort
home,22,"Disney-World Area Orlando, U.S.A Favorite Holiday Rentals"
pool,19,"Disney-World Area Orlando, U.S.A Favorite Holiday Rentals"
house,19,"Disney-World Area Orlando, U.S.A Favorite Holiday Rentals"
room,18,"Disney-World Area Orlando, U.S.A Favorite Holiday Rentals"
like,16,"Disney-World Area Orlando, U.S.A Favorite Holiday Rentals"
breakfast,388,Drury Inn & Suites Orlando
staff,281,Drury Inn & Suites Orlando
room,274,Drury Inn & Suites Orlando
great,247,Drury Inn & Suites Orlando
free,246,Drury Inn & Suites Orlando
room,144,Westgate Leisure Resort
nice,57,Westgate Leisure Resort
staff,49,Westgate Leisure Resort
clean,49,Westgate Leisure Resort
location,47,Westgate Leisure Resort
property,3,Windsors Hills 7749
house,3,Windsors Hills 7749
family,2,Windsors Hills 7749
stay,2,Windsors Hills 7749
cleaning,2,Windsors Hills 7749
room,255,Hampton Inn & Suites Orlando near SeaWorld
breakfast,213,Hampton Inn & Suites Orlando near SeaWorld
clean,143,Hampton Inn & Suites Orlando near SeaWorld
staff,136,Hampton Inn & Suites Orlando near SeaWorld
hotel,113,Hampton Inn & Suites Orlando near SeaWorld
room,198,Westgate Vacation Villas Resort
great,63,Westgate Vacation Villas Resort
everything,59,Westgate Vacation Villas Resort
staff,54,Westgate Vacation Villas Resort
park,53,Westgate Vacation Villas Resort
room,7,Marriott's Sabal Palms
facility,5,Marriott's Sabal Palms
staff,4,Marriott's Sabal Palms
main,4,Marriott's Sabal Palms
hotel,4,Marriott's Sabal Palms
room,366,Rosen Inn Closest to Universal
staff,214,Rosen Inn Closest to Universal
location,206,Rosen Inn Closest to Universal
hotel,192,Rosen Inn Closest to Universal
great,169,Rosen Inn Closest to Universal
pool,7,Windsor Wonderland Home
super,4,Windsor Wonderland Home
home,4,Windsor Wonderland Home
get,4,Windsor Wonderland Home
park,3,Windsor Wonderland Home
room,7,Seaescape
property,5,Seaescape
clean,5,Seaescape
comfortable,5,Seaescape
everything,5,Seaescape
room,12,Residence Inn by Marriott Near Universal Orlando
hotel,10,Residence Inn by Marriott Near Universal Orlando
clean,8,Residence Inn by Marriott Near Universal Orlando
breakfast,8,Residence Inn by Marriott Near Universal Orlando
everything,7,Residence Inn by Marriott Near Universal Orlando
room,9,White Crane Home by Florida Dream Homes
pool,8,White Crane Home by Florida Dream Homes
great,6,White Crane Home by Florida Dream Homes
location,5,White Crane Home by Florida Dream Homes
game,5,White Crane Home by Florida Dream Homes
location,3,Six Bedrooms with Private Pool and Spa (1751)
home,3,Six Bedrooms with Private Pool and Spa (1751)
house,3,Six Bedrooms with Private Pool and Spa (1751)
everything,3,Six Bedrooms with Private Pool and Spa (1751)
thing,2,Six Bedrooms with Private Pool and Spa (1751)
staff,41,Orlando International Resort Club
clean,33,Orlando International Resort Club
great,31,Orlando International Resort Club
nice,27,Orlando International Resort Club
location,25,Orlando International Resort Club
7,6,Windsor Magic
close,4,Windsor Magic
disney,4,Windsor Magic
like,4,Windsor Magic
nothing,4,Windsor Magic
location,2,Contessa Dr
everything,2,Contessa Dr
place,2,Contessa Dr
nothing,2,Contessa Dr
perfect,2,Contessa Dr
location,2,Regal Oaks Three Bedroom Villa
nice,2,Regal Oaks Three Bedroom Villa
bed,2,Regal Oaks Three Bedroom Villa
uncomfortable,2,Regal Oaks Three Bedroom Villa
house,2,Regal Oaks Three Bedroom Villa
breakfast,88,Hampton Inn & Suites Orlando Airport at Gateway Village
room,88,Hampton Inn & Suites Orlando Airport at Gateway Village
staff,66,Hampton Inn & Suites Orlando Airport at Gateway Village
airport,62,Hampton Inn & Suites Orlando Airport at Gateway Village
hotel,57,Hampton Inn & Suites Orlando Airport at Gateway Village
hair,7,101 Dalmatian's Den
pet,5,101 Dalmatian's Den
house,4,101 Dalmatian's Den
everything,3,101 Dalmatian's Den
needed,3,101 Dalmatian's Den
location,5,SeaWorld - Disney Apartments by NUOVO
nice,5,SeaWorld - Disney Apartments by NUOVO
unit,5,SeaWorld - Disney Apartments by NUOVO
comment,4,SeaWorld - Disney Apartments by NUOVO
apartment,3,SeaWorld - Disney Apartments by NUOVO
room,115,DoubleTree by Hilton Orlando East - UCF Area
staff,72,DoubleTree by Hilton Orlando East - UCF Area
location,50,DoubleTree by Hilton Orlando East - UCF Area
great,50,DoubleTree by Hilton Orlando East - UCF Area
clean,49,DoubleTree by Hilton Orlando East - UCF Area
nice,3,The Windsor Wonderland 6 BR Villa
didn’t,3,The Windsor Wonderland 6 BR Villa
home,3,The Windsor Wonderland 6 BR Villa
enough,2,The Windsor Wonderland 6 BR Villa
towel,2,The Windsor Wonderland 6 BR Villa
great,4,Windsor Hills Townhomes by IPG
location,4,Windsor Hills Townhomes by IPG
park,3,Windsor Hills Townhomes by IPG
home,3,Windsor Hills Townhomes by IPG
close,2,Windsor Hills Townhomes by IPG
bed,8,FunQuest Condos at Windsor Hills Kissimmee
u,6,FunQuest Condos at Windsor Hills Kissimmee
n,6,FunQuest Condos at Windsor Hills Kissimmee
great,5,FunQuest Condos at Windsor Hills Kissimmee
one,5,FunQuest Condos at Windsor Hills Kissimmee
home,7,Luxury Villas in Encore Waterpark
house,7,Luxury Villas in Encore Waterpark
pool,6,Luxury Villas in Encore Waterpark
great,6,Luxury Villas in Encore Waterpark
water,5,Luxury Villas in Encore Waterpark
room,93,Rosen Centre Hotel Orlando Convention Center
staff,64,Rosen Centre Hotel Orlando Convention Center
hotel,62,Rosen Centre Hotel Orlando Convention Center
location,48,Rosen Centre Hotel Orlando Convention Center
clean,33,Rosen Centre Hotel Orlando Convention Center
room,115,Festiva Orlando Resort
staff,67,Festiva Orlando Resort
great,65,Festiva Orlando Resort
pool,62,Festiva Orlando Resort
bed,60,Festiva Orlando Resort
room,140,Hampton Inn & Suites Orlando International Drive North
breakfast,125,Hampton Inn & Suites Orlando International Drive North
hotel,64,Hampton Inn & Suites Orlando International Drive North
staff,64,Hampton Inn & Suites Orlando International Drive North
clean,59,Hampton Inn & Suites Orlando International Drive North
breakfast,161,Hampton Inn Lake Buena Vista / Orlando
staff,108,Hampton Inn Lake Buena Vista / Orlando
room,102,Hampton Inn Lake Buena Vista / Orlando
good,82,Hampton Inn Lake Buena Vista / Orlando
clean,78,Hampton Inn Lake Buena Vista / Orlando
bed,2,2/3 Bed Condos Close to Disney
location,1,2/3 Bed Condos Close to Disney
perfect,1,2/3 Bed Condos Close to Disney
middle,1,2/3 Bed Condos Close to Disney
downtown,1,2/3 Bed Condos Close to Disney
bed,3,Tropical Palms Premium Loft Cottage 29
bedroom,3,Tropical Palms Premium Loft Cottage 29
nice,3,Tropical Palms Premium Loft Cottage 29
would,3,Tropical Palms Premium Loft Cottage 29
stay,3,Tropical Palms Premium Loft Cottage 29
room,84,La Quinta Inn & Suites Orlando UCF
clean,41,La Quinta Inn & Suites Orlando UCF
breakfast,39,La Quinta Inn & Suites Orlando UCF
staff,33,La Quinta Inn & Suites Orlando UCF
location,28,La Quinta Inn & Suites Orlando UCF
cottage,3,Tropical Palms Premium Three-Bedroom Cottage 40
plus,2,Tropical Palms Premium Three-Bedroom Cottage 40
place,2,Tropical Palms Premium Three-Bedroom Cottage 40
broken,2,Tropical Palms Premium Three-Bedroom Cottage 40
small,2,Tropical Palms Premium Three-Bedroom Cottage 40
comfortable,3,Mickeys Magical Escape
everything,3,Mickeys Magical Escape
laundry,3,Mickeys Magical Escape
nice,3,Mickeys Magical Escape
door,3,Mickeys Magical Escape
good,2,Three Bedroom Condo First Floor Gated Community
gated,1,Three Bedroom Condo First Floor Gated Community
community,1,Three Bedroom Condo First Floor Gated Community
awesome,1,Three Bedroom Condo First Floor Gated Community
close,1,Three Bedroom Condo First Floor Gated Community
room,28,Homewood Suites by Hilton Orlando North Maitland
breakfast,26,Homewood Suites by Hilton Orlando North Maitland
staff,23,Homewood Suites by Hilton Orlando North Maitland
nice,19,Homewood Suites by Hilton Orlando North Maitland
bed,16,Homewood Suites by Hilton Orlando North Maitland
everything,15,SuiteLivingPlus
like,13,SuiteLivingPlus
location,11,SuiteLivingPlus
clean,10,SuiteLivingPlus
place,9,SuiteLivingPlus
room,264,La Quinta Inn & Suites Orlando Airport North
airport,169,La Quinta Inn & Suites Orlando Airport North
breakfast,158,La Quinta Inn & Suites Orlando Airport North
staff,127,La Quinta Inn & Suites Orlando Airport North
bed,122,La Quinta Inn & Suites Orlando Airport North
room,92,SpringHill Suites by Marriott Orlando Convention Center
breakfast,88,SpringHill Suites by Marriott Orlando Convention Center
staff,70,SpringHill Suites by Marriott Orlando Convention Center
great,57,SpringHill Suites by Marriott Orlando Convention Center
location,46,SpringHill Suites by Marriott Orlando Convention Center
room,60,Homewood Suites by Hilton Orlando Airport
breakfast,50,Homewood Suites by Hilton Orlando Airport
staff,38,Homewood Suites by Hilton Orlando Airport
hotel,35,Homewood Suites by Hilton Orlando Airport
airport,35,Homewood Suites by Hilton Orlando Airport
room,46,Delta Hotels by Marriott Orlando Lake Buena Vista
hotel,35,Delta Hotels by Marriott Orlando Lake Buena Vista
bed,31,Delta Hotels by Marriott Orlando Lake Buena Vista
staff,30,Delta Hotels by Marriott Orlando Lake Buena Vista
breakfast,28,Delta Hotels by Marriott Orlando Lake Buena Vista
would,4,Disney&Golf Holiday Home
home,3,Disney&Golf Holiday Home
day,3,Disney&Golf Holiday Home
arrived,3,Disney&Golf Holiday Home
u,3,Disney&Golf Holiday Home
pool,2,Paradise Palms 4 Bedroom-3032
need,2,Paradise Palms 4 Bedroom-3032
short,1,Paradise Palms 4 Bedroom-3032
almost,1,Paradise Palms 4 Bedroom-3032
20,1,Paradise Palms 4 Bedroom-3032
ceiling,2,Regal Oaks Stay Orlando
fan,2,Regal Oaks Stay Orlando
would,2,Regal Oaks Stay Orlando
pool,2,Regal Oaks Stay Orlando
house,1,Regal Oaks Stay Orlando
room,106,Embassy Suites Orlando - North
breakfast,66,Embassy Suites Orlando - North
staff,48,Embassy Suites Orlando - North
bed,43,Embassy Suites Orlando - North
hotel,43,Embassy Suites Orlando - North
room,78,Las Palmeras by Hilton Grand Vacations
great,50,Las Palmeras by Hilton Grand Vacations
staff,39,Las Palmeras by Hilton Grand Vacations
bed,30,Las Palmeras by Hilton Grand Vacations
hotel,30,Las Palmeras by Hilton Grand Vacations
room,30,Fairfield Inn & Suites by Marriott Orlando East/UCF Area
breakfast,24,Fairfield Inn & Suites by Marriott Orlando East/UCF Area
nice,18,Fairfield Inn & Suites by Marriott Orlando East/UCF Area
hotel,17,Fairfield Inn & Suites by Marriott Orlando East/UCF Area
staff,16,Fairfield Inn & Suites by Marriott Orlando East/UCF Area
broken,3,Paradise Palms 6 Bedroom-3150
house,2,Paradise Palms 6 Bedroom-3150
clean,2,Paradise Palms 6 Bedroom-3150
size,1,Paradise Palms 6 Bedroom-3150
accommodated,1,Paradise Palms 6 Bedroom-3150
room,36,Courtyard Orlando International Drive/Convention Center
staff,25,Courtyard Orlando International Drive/Convention Center
clean,23,Courtyard Orlando International Drive/Convention Center
nice,22,Courtyard Orlando International Drive/Convention Center
location,19,Courtyard Orlando International Drive/Convention Center
room,19,The Courtyard at Lake Lucerne
breakfast,16,The Courtyard at Lake Lucerne
property,9,The Courtyard at Lake Lucerne
bed,9,The Courtyard at Lake Lucerne
location,8,The Courtyard at Lake Lucerne
room,422,Rosen Inn at Pointe Orlando
location,278,Rosen Inn at Pointe Orlando
staff,176,Rosen Inn at Pointe Orlando
great,171,Rosen Inn at Pointe Orlando
hotel,160,Rosen Inn at Pointe Orlando
nice,11,Magic Tree Resort
room,11,Magic Tree Resort
staff,10,Magic Tree Resort
everything,8,Magic Tree Resort
friendly,7,Magic Tree Resort
pool,8,Pool Paradise
tub,6,Pool Paradise
hot,5,Pool Paradise
could,4,Pool Paradise
house,4,Pool Paradise
breakfast,87,Hampton Inn & Suites Orlando-John Young Parkway/South Park
room,81,Hampton Inn & Suites Orlando-John Young Parkway/South Park
staff,71,Hampton Inn & Suites Orlando-John Young Parkway/South Park
clean,62,Hampton Inn & Suites Orlando-John Young Parkway/South Park
great,48,Hampton Inn & Suites Orlando-John Young Parkway/South Park
breakfast,86,Hampton Inn Closest to Universal Orlando
staff,76,Hampton Inn Closest to Universal Orlando
room,54,Hampton Inn Closest to Universal Orlando
hotel,50,Hampton Inn Closest to Universal Orlando
good,47,Hampton Inn Closest to Universal Orlando
nice,4,Tropical Palms Standard Two-Bedroom Cottage 16
staff,3,Tropical Palms Standard Two-Bedroom Cottage 16
adult,3,Tropical Palms Standard Two-Bedroom Cottage 16
property,2,Tropical Palms Standard Two-Bedroom Cottage 16
location,2,Tropical Palms Standard Two-Bedroom Cottage 16
kitchen,2,Apartment Nena
nobody,2,Apartment Nena
phone,2,Apartment Nena
nice,1,Apartment Nena
full,1,Apartment Nena
room,72,Hilton Garden Inn Orlando Lake Buena Vista
staff,52,Hilton Garden Inn Orlando Lake Buena Vista
breakfast,51,Hilton Garden Inn Orlando Lake Buena Vista
hotel,44,Hilton Garden Inn Orlando Lake Buena Vista
clean,44,Hilton Garden Inn Orlando Lake Buena Vista
working,2,Vacation Home Rental Near Disney 27Il01
upon,2,Vacation Home Rental Near Disney 27Il01
arrival,2,Vacation Home Rental Near Disney 27Il01
amount,1,Vacation Home Rental Near Disney 27Il01
bedroom,1,Vacation Home Rental Near Disney 27Il01
room,14,WorldMark Orlando Kingstown Reef
pool,7,WorldMark Orlando Kingstown Reef
bed,5,WorldMark Orlando Kingstown Reef
comfortable,4,WorldMark Orlando Kingstown Reef
nice,4,WorldMark Orlando Kingstown Reef
comfortable,4,King Triton's Castle
game,4,King Triton's Castle
room,4,King Triton's Castle
pool,3,King Triton's Castle
size,3,King Triton's Castle
pool,7,Closest Vacation Home Holiday Rental 26Ds37
dryer,5,Closest Vacation Home Holiday Rental 26Ds37
would,4,Closest Vacation Home Holiday Rental 26Ds37
family,4,Closest Vacation Home Holiday Rental 26Ds37
great,4,Closest Vacation Home Holiday Rental 26Ds37
room,71,Rosen Shingle Creek Universal Blvd
hotel,53,Rosen Shingle Creek Universal Blvd
great,52,Rosen Shingle Creek Universal Blvd
staff,44,Rosen Shingle Creek Universal Blvd
everything,32,Rosen Shingle Creek Universal Blvd
pool,4,Mickey's Beach House
house,3,Mickey's Beach House
one,3,Mickey's Beach House
need,3,Mickey's Beach House
well,2,Mickey's Beach House
room,49,The Alfond Inn
staff,37,The Alfond Inn
great,32,The Alfond Inn
location,31,The Alfond Inn
hotel,29,The Alfond Inn
room,10,Residence Inn Orlando Convention Center
breakfast,9,Residence Inn Orlando Convention Center
hotel,8,Residence Inn Orlando Convention Center
great,6,Residence Inn Orlando Convention Center
staff,6,Residence Inn Orlando Convention Center
room,107,Hawthorn Suites By Wyndham Orlando International Drive
location,39,Hawthorn Suites By Wyndham Orlando International Drive
bed,36,Hawthorn Suites By Wyndham Orlando International Drive
breakfast,36,Hawthorn Suites By Wyndham Orlando International Drive
staff,33,Hawthorn Suites By Wyndham Orlando International Drive
pool,10,Windsor Hills Resort Kissimmee - Disney Area
clean,9,Windsor Hills Resort Kissimmee - Disney Area
location,8,Windsor Hills Resort Kissimmee - Disney Area
great,6,Windsor Hills Resort Kissimmee - Disney Area
bedroom,6,Windsor Hills Resort Kissimmee - Disney Area
would,6,Blue Heron Resort Condo 206
bed,6,Blue Heron Resort Condo 206
nice,5,Blue Heron Resort Condo 206
like,4,Blue Heron Resort Condo 206
condo,4,Blue Heron Resort Condo 206
time,2,Tropical Palms Premium Loft Cottage 33
wait,2,Tropical Palms Premium Loft Cottage 33
room,2,Tropical Palms Premium Loft Cottage 33
sugar,2,Tropical Palms Premium Loft Cottage 33
ant,2,Tropical Palms Premium Loft Cottage 33
pool,5,Audez Tropical Haven
home,3,Audez Tropical Haven
dog,3,Audez Tropical Haven
experience,2,Audez Tropical Haven
provided,2,Audez Tropical Haven
