,Keyword,Frequency,name
0,room,1398,Universal's Cabana Bay Beach Resort
1,pool,973,Universal's Cabana Bay Beach Resort
2,hotel,912,Universal's Cabana Bay Beach Resort
0,clean,243,Regal Oaks – The Official CLC World Resort
1,great,235,Regal Oaks – The Official CLC World Resort
2,location,233,Regal Oaks – The Official CLC World Resort
0,clean,52,Magic Village Resort Orlando Near Disney
1,nice,42,Magic Village Resort Orlando Near Disney
2,pool,42,Magic Village Resort Orlando Near Disney
0,room,767,Floridays Resort Orlando Near Disney/Seaworld
1,pool,526,Floridays Resort Orlando Near Disney/Seaworld
2,great,380,Floridays Resort Orlando Near Disney/Seaworld
0,room,538,Universal's Hard Rock Hotel
1,hotel,453,Universal's Hard Rock Hotel
2,park,423,Universal's Hard Rock Hotel
0,room,470,Universal's Loews Sapphire Falls Resort
1,hotel,409,Universal's Loews Sapphire Falls Resort
2,staff,322,Universal's Loews Sapphire Falls Resort
0,location,160,Orlando Resort Rentals at Universal Boulevard
1,great,126,Orlando Resort Rentals at Universal Boulevard
2,clean,113,Orlando Resort Rentals at Universal Boulevard
0,room,123,Wyndham Bonnet Creek
1,pool,105,Wyndham Bonnet Creek
2,great,66,Wyndham Bonnet Creek
0,room,364,Sheraton Vistana Resort Villas
1,pool,212,Sheraton Vistana Resort Villas
2,great,205,Sheraton Vistana Resort Villas
0,room,388,Hyatt Regency Orlando International Airport Hotel
1,location,289,Hyatt Regency Orlando International Airport Hotel
2,airport,279,Hyatt Regency Orlando International Airport Hotel
0,room,141,Homewood Suites by Hilton Orlando Theme Parks
1,breakfast,114,Homewood Suites by Hilton Orlando Theme Parks
2,hotel,79,Homewood Suites by Hilton Orlando Theme Parks
0,room,470,Universal's Loews Royal Pacific Resort
1,park,404,Universal's Loews Royal Pacific Resort
2,hotel,358,Universal's Loews Royal Pacific Resort
0,room,1004,SpringHill Suites by Marriott Orlando Lake Buena Vista in Marriott Village
1,breakfast,886,SpringHill Suites by Marriott Orlando Lake Buena Vista in Marriott Village
2,hotel,516,SpringHill Suites by Marriott Orlando Lake Buena Vista in Marriott Village
0,room,249,Sonesta ES Suites Orlando International Drive
1,breakfast,173,Sonesta ES Suites Orlando International Drive
2,location,169,Sonesta ES Suites Orlando International Drive
0,room,291,WorldQuest Orlando Resort
1,pool,181,WorldQuest Orlando Resort
2,great,138,WorldQuest Orlando Resort
0,room,228,Hawthorn Suites by Wyndham Kissimmee Gateway
1,breakfast,90,Hawthorn Suites by Wyndham Kissimmee Gateway
2,clean,71,Hawthorn Suites by Wyndham Kissimmee Gateway
0,room,13,SpringHill Suites by Marriott Orlando at Millenia
1,breakfast,11,SpringHill Suites by Marriott Orlando at Millenia
2,new,10,SpringHill Suites by Marriott Orlando at Millenia
0,room,642,Staybridge Suites Orlando - Lake Buena Vista
1,breakfast,544,Staybridge Suites Orlando - Lake Buena Vista
2,staff,394,Staybridge Suites Orlando - Lake Buena Vista
0,breakfast,624,Fairfield Inn & Suites by Marriott Orlando Lake Buena Vista in the Marriott Village
1,room,577,Fairfield Inn & Suites by Marriott Orlando Lake Buena Vista in the Marriott Village
2,hotel,352,Fairfield Inn & Suites by Marriott Orlando Lake Buena Vista in the Marriott Village
0,breakfast,469,Fairfield Inn Suites by Marriott Orlando At SeaWorld
1,room,449,Fairfield Inn Suites by Marriott Orlando At SeaWorld
2,staff,385,Fairfield Inn Suites by Marriott Orlando At SeaWorld
0,room,460,"Lake Buena Vista Resort Village and Spa, a staySky Hotel & Resort"
1,pool,310,"Lake Buena Vista Resort Village and Spa, a staySky Hotel & Resort"
2,great,215,"Lake Buena Vista Resort Village and Spa, a staySky Hotel & Resort"
0,room,591,Sheraton Vistana Villages Resort Near Universal Blvd.
1,pool,396,Sheraton Vistana Villages Resort Near Universal Blvd.
2,staff,291,Sheraton Vistana Villages Resort Near Universal Blvd.
0,room,266,Comfort Suites Maingate East
1,breakfast,265,Comfort Suites Maingate East
2,great,161,Comfort Suites Maingate East
0,room,213,Universal's Loews Portofino Bay Hotel
1,hotel,121,Universal's Loews Portofino Bay Hotel
2,staff,90,Universal's Loews Portofino Bay Hotel
0,great,19,Windsor Hills Apartment
1,pool,10,Windsor Hills Apartment
2,everything,10,Windsor Hills Apartment
0,home,4,Olivia's Dream Villa in Windsor Hills
1,nothing,3,Olivia's Dream Villa in Windsor Hills
2,property,3,Olivia's Dream Villa in Windsor Hills
0,room,163,Hyatt Place - Orlando Convention Center
1,breakfast,133,Hyatt Place - Orlando Convention Center
2,staff,110,Hyatt Place - Orlando Convention Center
0,room,828,Walt Disney World Dolphin
1,hotel,421,Walt Disney World Dolphin
2,location,324,Walt Disney World Dolphin
0,room,47,Staybridge Suites Orlando at SeaWorld
1,breakfast,34,Staybridge Suites Orlando at SeaWorld
2,staff,33,Staybridge Suites Orlando at SeaWorld
0,room,386,DoubleTree by Hilton at the Entrance to Universal Orlando
1,hotel,279,DoubleTree by Hilton at the Entrance to Universal Orlando
2,parking,207,DoubleTree by Hilton at the Entrance to Universal Orlando
0,room,177,Waldorf Astoria Orlando
1,hotel,138,Waldorf Astoria Orlando
2,staff,112,Waldorf Astoria Orlando
0,room,411,Walt Disney World Swan
1,hotel,240,Walt Disney World Swan
2,location,221,Walt Disney World Swan
0,room,402,Residence Inn by Marriott Orlando at SeaWorld
1,breakfast,316,Residence Inn by Marriott Orlando at SeaWorld
2,pool,185,Residence Inn by Marriott Orlando at SeaWorld
0,room,9,Hyatt House across from Universal Orlando Resort
1,hotel,9,Hyatt House across from Universal Orlando Resort
2,breakfast,8,Hyatt House across from Universal Orlando Resort
0,nice,5,Water Oak IR700
1,pool,5,Water Oak IR700
2,tub,4,Water Oak IR700
0,bed,84,Casiola Vacation Homes
1,room,80,Casiola Vacation Homes
2,location,78,Casiola Vacation Homes
0,room,241,Embassy Suites by Hilton Orlando International Drive Convention Center
1,breakfast,220,Embassy Suites by Hilton Orlando International Drive Convention Center
2,staff,140,Embassy Suites by Hilton Orlando International Drive Convention Center
0,staff,45,TownePlace Suites by Marriott Orlando at SeaWorld
1,breakfast,44,TownePlace Suites by Marriott Orlando at SeaWorld
2,room,37,TownePlace Suites by Marriott Orlando at SeaWorld
0,room,8,Residence Inn by Marriott Orlando at Millenia
1,breakfast,8,Residence Inn by Marriott Orlando at Millenia
2,nice,6,Residence Inn by Marriott Orlando at Millenia
0,room,243,Hilton Grand Vacations at Tuscany Village
1,staff,147,Hilton Grand Vacations at Tuscany Village
2,location,93,Hilton Grand Vacations at Tuscany Village
0,hotel,58,Four Seasons Resort Orlando at Walt Disney World Resort
1,room,44,Four Seasons Resort Orlando at Walt Disney World Resort
2,staff,42,Four Seasons Resort Orlando at Walt Disney World Resort
0,like,4,Casa de Disney
1,jc,2,Casa de Disney
2,area,2,Casa de Disney
0,breakfast,161,Hampton Inn Orlando Near Universal Blv/International Dr
1,room,143,Hampton Inn Orlando Near Universal Blv/International Dr
2,staff,114,Hampton Inn Orlando Near Universal Blv/International Dr
0,room,137,Homewood Suites by Hilton Orlando-Intl Drive/Convention Ctr
1,breakfast,120,Homewood Suites by Hilton Orlando-Intl Drive/Convention Ctr
2,location,99,Homewood Suites by Hilton Orlando-Intl Drive/Convention Ctr
0,room,98,Comfort Suites UCF/Research Park
1,breakfast,91,Comfort Suites UCF/Research Park
2,bed,64,Comfort Suites UCF/Research Park
0,room,133,Hyatt Place Orlando Lake Buena Vista
1,breakfast,114,Hyatt Place Orlando Lake Buena Vista
2,staff,58,Hyatt Place Orlando Lake Buena Vista
0,room,505,Hyatt Regency Orlando
1,hotel,313,Hyatt Regency Orlando
2,staff,256,Hyatt Regency Orlando
0,didn’t,3,Eight Bedrooms with Private Pool and Spa (1747)
1,it,3,Eight Bedrooms with Private Pool and Spa (1747)
2,location,2,Eight Bedrooms with Private Pool and Spa (1747)
0,breakfast,317,Galleria Palms Orlando
1,room,296,Galleria Palms Orlando
2,clean,188,Galleria Palms Orlando
0,room,3,Kissimmee Area Pool Home
1,need,2,Kissimmee Area Pool Home
2,roomy,2,Kissimmee Area Pool Home
0,hot,4,Summerville Resort Five Bedroom Townhome SV102
1,night,3,Summerville Resort Five Bedroom Townhome SV102
2,place,3,Summerville Resort Five Bedroom Townhome SV102
0,room,491,Courtyard by Marriott Orlando Lake Buena Vista in the Marriott Village
1,staff,268,Courtyard by Marriott Orlando Lake Buena Vista in the Marriott Village
2,hotel,252,Courtyard by Marriott Orlando Lake Buena Vista in the Marriott Village
0,room,282,The Point Hotel & Suites Universal Blvd
1,staff,186,The Point Hotel & Suites Universal Blvd
2,great,137,The Point Hotel & Suites Universal Blvd
0,room,340,SpringHill Suites by Marriott Orlando at SeaWorld
1,breakfast,259,SpringHill Suites by Marriott Orlando at SeaWorld
2,staff,193,SpringHill Suites by Marriott Orlando at SeaWorld
0,room,352,Holiday Inn Orlando – Disney Springs™ Area
1,disney,255,Holiday Inn Orlando – Disney Springs™ Area
2,staff,247,Holiday Inn Orlando – Disney Springs™ Area
0,everything,6,Spacious Vacation Home Rental House 77Tb12
1,nothing,4,Spacious Vacation Home Rental House 77Tb12
2,house,4,Spacious Vacation Home Rental House 77Tb12
0,room,75,Residence Inn Orlando Lake Buena Vista
1,breakfast,56,Residence Inn Orlando Lake Buena Vista
2,staff,45,Residence Inn Orlando Lake Buena Vista
0,room,469,Hilton Grand Vacations at SeaWorld
1,pool,248,Hilton Grand Vacations at SeaWorld
2,staff,226,Hilton Grand Vacations at SeaWorld
0,staff,105,"The Ritz-Carlton Orlando, Grande Lakes"
1,room,84,"The Ritz-Carlton Orlando, Grande Lakes"
2,hotel,71,"The Ritz-Carlton Orlando, Grande Lakes"
0,pool,13,Formosa Garden Pool Home
1,hot,7,Formosa Garden Pool Home
2,home,6,Formosa Garden Pool Home
0,room,421,Renaissance Orlando at SeaWorld®
1,hotel,353,Renaissance Orlando at SeaWorld®
2,staff,235,Renaissance Orlando at SeaWorld®
0,room,850,Caribe Royale Orlando Near Disney
1,pool,613,Caribe Royale Orlando Near Disney
2,great,404,Caribe Royale Orlando Near Disney
0,room,727,Wyndham Grand Orlando Resort Bonnet Creek
1,hotel,412,Wyndham Grand Orlando Resort Bonnet Creek
2,pool,367,Wyndham Grand Orlando Resort Bonnet Creek
0,location,111,Vista Cay Resort by Millenium at Universal Blvd.
1,room,101,Vista Cay Resort by Millenium at Universal Blvd.
2,great,82,Vista Cay Resort by Millenium at Universal Blvd.
0,room,16,Orlando Escape
1,location,15,Orlando Escape
2,property,13,Orlando Escape
0,room,34,Universal’s Family Suites at Cabana Bay Beach Resort
1,great,23,Universal’s Family Suites at Cabana Bay Beach Resort
2,park,18,Universal’s Family Suites at Cabana Bay Beach Resort
0,house,11,The Boat House
1,great,5,The Boat House
2,room,4,The Boat House
0,room,116,Homewood Suites by Hilton Orlando-Nearest to Universal Studios
1,breakfast,106,Homewood Suites by Hilton Orlando-Nearest to Universal Studios
2,staff,98,Homewood Suites by Hilton Orlando-Nearest to Universal Studios
0,room,576,Quality Inn & Suites By The Parks
1,breakfast,504,Quality Inn & Suites By The Parks
2,staff,399,Quality Inn & Suites By The Parks
0,room,91,Villas of Grand Cypress
1,staff,63,Villas of Grand Cypress
2,villa,48,Villas of Grand Cypress
0,room,125,Hyatt Place across from Universal Orlando Resort
1,breakfast,110,Hyatt Place across from Universal Orlando Resort
2,staff,107,Hyatt Place across from Universal Orlando Resort
0,nice,3,Disney Bunk Room--Windsor Hills
1,room,3,Disney Bunk Room--Windsor Hills
2,well,2,Disney Bunk Room--Windsor Hills
0,room,243,Blue Heron Beach Resort
1,location,159,Blue Heron Beach Resort
2,pool,152,Blue Heron Beach Resort
0,breakfast,151,Holiday Inn Express-International Drive
1,room,127,Holiday Inn Express-International Drive
2,staff,93,Holiday Inn Express-International Drive
0,pool,333,Hyatt Regency Grand Cypress
1,room,316,Hyatt Regency Grand Cypress
2,hotel,250,Hyatt Regency Grand Cypress
0,room,44,Courtyard by Marriott Orlando South/John Young Parkway
1,hotel,41,Courtyard by Marriott Orlando South/John Young Parkway
2,staff,31,Courtyard by Marriott Orlando South/John Young Parkway
0,pool,54,Loyalty Vacation Homes - Kissimmee
1,home,36,Loyalty Vacation Homes - Kissimmee
2,house,29,Loyalty Vacation Homes - Kissimmee
0,breakfast,130,Comfort Suites
1,room,110,Comfort Suites
2,staff,79,Comfort Suites
0,room,899,Best Western Orlando Gateway Hotel
1,staff,635,Best Western Orlando Gateway Hotel
2,hotel,519,Best Western Orlando Gateway Hotel
0,room,343,Sheraton Suites Orlando Airport Hotel
1,staff,178,Sheraton Suites Orlando Airport Hotel
2,hotel,145,Sheraton Suites Orlando Airport Hotel
0,breakfast,181,Fairfield Inn & Suites by Marriott Orlando International Drive/Convention Center
1,room,176,Fairfield Inn & Suites by Marriott Orlando International Drive/Convention Center
2,staff,152,Fairfield Inn & Suites by Marriott Orlando International Drive/Convention Center
0,room,239,Hilton Orlando
1,pool,233,Hilton Orlando
2,staff,169,Hilton Orlando
0,room,71,Marriott's Cypress Harbour Villas
1,staff,53,Marriott's Cypress Harbour Villas
2,everything,53,Marriott's Cypress Harbour Villas
0,gate,3,Oakwater Resort 7514
1,property,2,Oakwater Resort 7514
2,disney,2,Oakwater Resort 7514
0,room,310,Cypress Pointe Resort by Diamond Resorts
1,pool,110,Cypress Pointe Resort by Diamond Resorts
2,everything,108,Cypress Pointe Resort by Diamond Resorts
0,location,18,Universal Studios Area Apartment
1,apartment,11,Universal Studios Area Apartment
2,would,9,Universal Studios Area Apartment
0,room,161,Grande Villas Resort By Diamond Resorts
1,great,97,Grande Villas Resort By Diamond Resorts
2,pool,97,Grande Villas Resort By Diamond Resorts
0,room,149,Legacy Vacation Resorts - Lake Buena Vista
1,location,85,Legacy Vacation Resorts - Lake Buena Vista
2,staff,71,Legacy Vacation Resorts - Lake Buena Vista
0,room,111,Grand Beach Resort By Diamond Resorts
1,resort,70,Grand Beach Resort By Diamond Resorts
2,great,62,Grand Beach Resort By Diamond Resorts
0,house,6,Patty's Place
1,everything,5,Patty's Place
2,would,4,Patty's Place
0,room,84,Hampton Inn & Suites Orlando/Downtown South - Medical Center
1,breakfast,65,Hampton Inn & Suites Orlando/Downtown South - Medical Center
2,staff,65,Hampton Inn & Suites Orlando/Downtown South - Medical Center
0,room,103,Parkway International Celebration Area By Diamond Resorts
1,staff,60,Parkway International Celebration Area By Diamond Resorts
2,pool,57,Parkway International Celebration Area By Diamond Resorts
0,pool,3,Rocco's Retreat
1,place,2,Rocco's Retreat
2,great,2,Rocco's Retreat
0,room,51,Holiday Inn Express & Suites - Orlando At Seaworld
1,breakfast,48,Holiday Inn Express & Suites - Orlando At Seaworld
2,clean,40,Holiday Inn Express & Suites - Orlando At Seaworld
0,room,398,Mystic Dunes Resort & Golf Club By Diamond Resorts
1,pool,181,Mystic Dunes Resort & Golf Club By Diamond Resorts
2,everything,162,Mystic Dunes Resort & Golf Club By Diamond Resorts
0,room,208,Wingate By Wyndham - Orlando International Airport
1,breakfast,155,Wingate By Wyndham - Orlando International Airport
2,airport,136,Wingate By Wyndham - Orlando International Airport
0,room,309,Comfort Suites Orlando Airport
1,breakfast,249,Comfort Suites Orlando Airport
2,airport,197,Comfort Suites Orlando Airport
0,room,109,Hampton Inn & Suites Orlando-East UCF
1,breakfast,83,Hampton Inn & Suites Orlando-East UCF
2,clean,72,Hampton Inn & Suites Orlando-East UCF
0,room,110,Aloft Orlando Downtown
1,staff,63,Aloft Orlando Downtown
2,location,59,Aloft Orlando Downtown
0,pool,5,Playhouse
1,bed,2,Playhouse
2,swimming,1,Playhouse
0,home,3,Encore Club Orlando
1,pool,2,Encore Club Orlando
2,great,2,Encore Club Orlando
0,room,155,The Florida Hotel & Conference Center - BW Premier Collection
1,hotel,144,The Florida Hotel & Conference Center - BW Premier Collection
2,mall,121,The Florida Hotel & Conference Center - BW Premier Collection
0,pool,134,JW Marriott Orlando Grande Lakes
1,room,131,JW Marriott Orlando Grande Lakes
2,hotel,88,JW Marriott Orlando Grande Lakes
0,room,470,Best Western Lake Buena Vista – Disney Springs® Resort Area
1,disney,316,Best Western Lake Buena Vista – Disney Springs® Resort Area
2,staff,257,Best Western Lake Buena Vista – Disney Springs® Resort Area
0,room,213,Embassy Suites by Hilton- Lake Buena Vista Resort
1,breakfast,169,Embassy Suites by Hilton- Lake Buena Vista Resort
2,pool,111,Embassy Suites by Hilton- Lake Buena Vista Resort
0,towel,10,Luxury Windsor Hills Condo
1,location,9,Luxury Windsor Hills Condo
2,property,9,Luxury Windsor Hills Condo
0,breakfast,76,Homewood Suites by Hilton Lake Buena Vista
1,room,74,Homewood Suites by Hilton Lake Buena Vista
2,staff,51,Homewood Suites by Hilton Lake Buena Vista
0,room,38,Fairfield Inn & Suites by Marriott Orlando Kissimmee/Celebration
1,breakfast,27,Fairfield Inn & Suites by Marriott Orlando Kissimmee/Celebration
2,staff,24,Fairfield Inn & Suites by Marriott Orlando Kissimmee/Celebration
0,breakfast,78,Embassy Suites by Hilton Orlando International Drive I Drive 360
1,room,77,Embassy Suites by Hilton Orlando International Drive I Drive 360
2,hotel,52,Embassy Suites by Hilton Orlando International Drive I Drive 360
0,room,126,"Grand Bohemian Hotel Orlando, Autograph Collection"
1,hotel,82,"Grand Bohemian Hotel Orlando, Autograph Collection"
2,staff,68,"Grand Bohemian Hotel Orlando, Autograph Collection"
0,room,67,Embassy Suites Orlando - Downtown
1,breakfast,54,Embassy Suites Orlando - Downtown
2,great,47,Embassy Suites Orlando - Downtown
0,room,57,Holiday Inn Orlando East-UCF Area
1,staff,38,Holiday Inn Orlando East-UCF Area
2,clean,35,Holiday Inn Orlando East-UCF Area
0,room,1006,Clarion Inn & Suites Universal Studios Area
1,hotel,408,Clarion Inn & Suites Universal Studios Area
2,clean,399,Clarion Inn & Suites Universal Studios Area
0,pool,2,Encore Club at Reunion - 5BD Home - EC101
1,heat,2,Encore Club at Reunion - 5BD Home - EC101
2,day,2,Encore Club at Reunion - 5BD Home - EC101
0,room,123,Hyatt Place Orlando Airport
1,breakfast,99,Hyatt Place Orlando Airport
2,staff,85,Hyatt Place Orlando Airport
0,room,57,Marriott's Harbour Lake
1,pool,47,Marriott's Harbour Lake
2,kid,47,Marriott's Harbour Lake
0,room,340,Gaylord Palms Resort & Convention Center
1,pool,222,Gaylord Palms Resort & Convention Center
2,hotel,220,Gaylord Palms Resort & Convention Center
0,staff,62,Hilton Garden Inn Orlando International Drive North
1,room,52,Hilton Garden Inn Orlando International Drive North
2,clean,40,Hilton Garden Inn Orlando International Drive North
0,room,108,Park Plaza Hotel Orlando - Winter Park
1,location,103,Park Plaza Hotel Orlando - Winter Park
2,hotel,98,Park Plaza Hotel Orlando - Winter Park
0,room,189,Blue Tree Resort at Lake Buena Vista
1,bed,99,Blue Tree Resort at Lake Buena Vista
2,great,91,Blue Tree Resort at Lake Buena Vista
0,room,112,"Castle Hotel, Autograph Collection"
1,hotel,88,"Castle Hotel, Autograph Collection"
2,staff,69,"Castle Hotel, Autograph Collection"
0,loved,3,Tink's Movie Castle
1,house,3,Tink's Movie Castle
2,clean,2,Tink's Movie Castle
0,room,34,Courtyard by Marriott Orlando Lake Nona
1,hotel,28,Courtyard by Marriott Orlando Lake Nona
2,clean,21,Courtyard by Marriott Orlando Lake Nona
0,room,176,Wingate by Wyndham - Universal Studios and Convention Center
1,breakfast,156,Wingate by Wyndham - Universal Studios and Convention Center
2,staff,103,Wingate by Wyndham - Universal Studios and Convention Center
0,room,102,Hilton Garden Inn Orlando at SeaWorld
1,staff,82,Hilton Garden Inn Orlando at SeaWorld
2,bed,68,Hilton Garden Inn Orlando at SeaWorld
0,room,284,"Hawthorn Suites by Wyndham Lake Buena Vista, a staySky Hotel & Resort"
1,breakfast,179,"Hawthorn Suites by Wyndham Lake Buena Vista, a staySky Hotel & Resort"
2,staff,124,"Hawthorn Suites by Wyndham Lake Buena Vista, a staySky Hotel & Resort"
0,pool,10,Celebrate BR
1,would,8,Celebrate BR
2,house,6,Celebrate BR
0,room,380,Best Western Orlando Convention Center Hotel
1,breakfast,356,Best Western Orlando Convention Center Hotel
2,staff,273,Best Western Orlando Convention Center Hotel
0,room,94,DoubleTree Suites by Hilton Orlando at Disney Springs
1,staff,48,DoubleTree Suites by Hilton Orlando at Disney Springs
2,location,39,DoubleTree Suites by Hilton Orlando at Disney Springs
0,room,309,Best Western International Drive - Orlando
1,breakfast,221,Best Western International Drive - Orlando
2,location,216,Best Western International Drive - Orlando
0,room,317,Holiday Inn Resort Orlando - Lake Buena Vista
1,staff,155,Holiday Inn Resort Orlando - Lake Buena Vista
2,hotel,146,Holiday Inn Resort Orlando - Lake Buena Vista
0,house,9,Autumn Villa IC049
1,clean,5,Autumn Villa IC049
2,would,4,Autumn Villa IC049
0,room,361,Crowne Plaza Hotel Orlando Downtown
1,staff,213,Crowne Plaza Hotel Orlando Downtown
2,hotel,173,Crowne Plaza Hotel Orlando Downtown
0,pool,14,Disney Home
1,home,7,Disney Home
2,clean,7,Disney Home
0,room,35,Embassy Suites Orlando - Airport
1,breakfast,32,Embassy Suites Orlando - Airport
2,hotel,28,Embassy Suites Orlando - Airport
0,home,4,Paradise Palms 5 Bedroom-3503
1,clean,2,Paradise Palms 5 Bedroom-3503
2,nice,2,Paradise Palms 5 Bedroom-3503
0,room,124,"Bluegreen Vacations The Fountains, Ascend Resort Collection"
1,pool,97,"Bluegreen Vacations The Fountains, Ascend Resort Collection"
2,great,52,"Bluegreen Vacations The Fountains, Ascend Resort Collection"
0,location,72,Mickey Family Vacation Home
1,bed,71,Mickey Family Vacation Home
2,clean,66,Mickey Family Vacation Home
0,staff,52,Holiday Inn Express Hotel & Suites Orlando East-UCF Area
1,room,45,Holiday Inn Express Hotel & Suites Orlando East-UCF Area
2,clean,40,Holiday Inn Express Hotel & Suites Orlando East-UCF Area
0,room,427,Quality Suites Orlando Kissimmee The Royale Parc Suites
1,breakfast,314,Quality Suites Orlando Kissimmee The Royale Parc Suites
2,pool,225,Quality Suites Orlando Kissimmee The Royale Parc Suites
0,room,90,Grand Lake & Lifetime of Vacations Resorts
1,staff,60,Grand Lake & Lifetime of Vacations Resorts
2,great,60,Grand Lake & Lifetime of Vacations Resorts
0,room,284,Wyndham Lake Buena Vista Resort Disney Springs® Resort Area
1,disney,224,Wyndham Lake Buena Vista Resort Disney Springs® Resort Area
2,location,181,Wyndham Lake Buena Vista Resort Disney Springs® Resort Area
0,room,63,"Bohemian Hotel Celebration, Autograph Collection"
1,location,51,"Bohemian Hotel Celebration, Autograph Collection"
2,hotel,42,"Bohemian Hotel Celebration, Autograph Collection"
0,room,239,Orlando World Center Marriott
1,pool,186,Orlando World Center Marriott
2,hotel,160,Orlando World Center Marriott
0,great,4,Oakwater Resort Two Bedroom Apartment 1X5
1,location,3,Oakwater Resort Two Bedroom Apartment 1X5
2,single,2,Oakwater Resort Two Bedroom Apartment 1X5
0,room,108,Hilton Orlando Bonnet Creek
1,staff,108,Hilton Orlando Bonnet Creek
2,pool,100,Hilton Orlando Bonnet Creek
0,breakfast,30,Homewood Suites by Hilton Orlando-UCF Area
1,room,27,Homewood Suites by Hilton Orlando-UCF Area
2,staff,27,Homewood Suites by Hilton Orlando-UCF Area
0,property,8,Six Bedrooms with Private Pool (1744)
1,house,7,Six Bedrooms with Private Pool (1744)
2,hot,6,Six Bedrooms with Private Pool (1744)
0,room,403,staySky Suites I-Drive Orlando
1,breakfast,299,staySky Suites I-Drive Orlando
2,staff,217,staySky Suites I-Drive Orlando
0,room,26,Vist Cay Inn
1,location,23,Vist Cay Inn
2,bed,17,Vist Cay Inn
0,room,764,Westgate Lakes Resort and Spa
1,staff,247,Westgate Lakes Resort and Spa
2,everything,238,Westgate Lakes Resort and Spa
0,house,59,Alamo Vacation Homes
1,location,44,Alamo Vacation Homes
2,property,42,Alamo Vacation Homes
0,room,147,Comfort Inn International Drive
1,breakfast,79,Comfort Inn International Drive
2,staff,70,Comfort Inn International Drive
0,room,175,Orlando Airport Marriott Lakeside
1,hotel,94,Orlando Airport Marriott Lakeside
2,pool,80,Orlando Airport Marriott Lakeside
0,room,266,Hilton Orlando Lake Buena Vista - Disney Springs™ Area
1,disney,201,Hilton Orlando Lake Buena Vista - Disney Springs™ Area
2,hotel,189,Hilton Orlando Lake Buena Vista - Disney Springs™ Area
0,house,2,3 Bedroom Standard Kissimmee Home
1,great,1,3 Bedroom Standard Kissimmee Home
2,amenity,1,3 Bedroom Standard Kissimmee Home
0,breakfast,70,Hampton Inn Orlando-Convention Center International Drive Area
1,room,68,Hampton Inn Orlando-Convention Center International Drive Area
2,staff,64,Hampton Inn Orlando-Convention Center International Drive Area
0,breakfast,114,Ramada Plaza Suites Universal Studios
1,room,112,Ramada Plaza Suites Universal Studios
2,hotel,60,Ramada Plaza Suites Universal Studios
0,location,14,Bryan's Spanish Cove By Diamond Resorts
1,great,14,Bryan's Spanish Cove By Diamond Resorts
2,room,14,Bryan's Spanish Cove By Diamond Resorts
0,room,1134,Avanti International Resort Near The Parks
1,pool,648,Avanti International Resort Near The Parks
2,location,536,Avanti International Resort Near The Parks
0,room,600,Westgate Town Center Resort
1,park,262,Westgate Town Center Resort
2,water,240,Westgate Town Center Resort
0,room,493,B Resort and Spa Located in Disney Springs Resort Area
1,hotel,266,B Resort and Spa Located in Disney Springs Resort Area
2,staff,198,B Resort and Spa Located in Disney Springs Resort Area
0,room,1209,Holiday Inn Resort Orlando Suites - Waterpark
1,pool,541,Holiday Inn Resort Orlando Suites - Waterpark
2,kid,482,Holiday Inn Resort Orlando Suites - Waterpark
0,room,277,Radisson Hotel Orlando - Lake Buena Vista
1,hotel,214,Radisson Hotel Orlando - Lake Buena Vista
2,bed,192,Radisson Hotel Orlando - Lake Buena Vista
0,room,1291,Comfort Inn Orlando - Lake Buena Vista
1,breakfast,1119,Comfort Inn Orlando - Lake Buena Vista
2,bed,622,Comfort Inn Orlando - Lake Buena Vista
0,room,475,Quality Inn & Suites by the Lake
1,breakfast,271,Quality Inn & Suites by the Lake
2,clean,183,Quality Inn & Suites by the Lake
0,location,2,Regal Oaks Resort 5728
1,room,2,Regal Oaks Resort 5728
2,light,2,Regal Oaks Resort 5728
0,room,506,Buena Vista Suites
1,breakfast,470,Buena Vista Suites
2,staff,250,Buena Vista Suites
0,room,94,Comfort Suites Downtown
1,breakfast,89,Comfort Suites Downtown
2,staff,58,Comfort Suites Downtown
0,room,860,Quality Inn At International Drive Orlando
1,breakfast,551,Quality Inn At International Drive Orlando
2,location,494,Quality Inn At International Drive Orlando
0,villa,12,Orlando Disney Area - Windsor Hills Resort
1,location,6,Orlando Disney Area - Windsor Hills Resort
2,good,5,Orlando Disney Area - Windsor Hills Resort
0,room,468,La Quinta Inn Orlando Near Universal
1,breakfast,398,La Quinta Inn Orlando Near Universal
2,location,271,La Quinta Inn Orlando Near Universal
0,house,225,Lake or Conservation View Vacation Homes
1,pool,205,Lake or Conservation View Vacation Homes
2,home,114,Lake or Conservation View Vacation Homes
0,room,272,Quality Suites Lake Buena Vista near Walt Disney World
1,breakfast,248,Quality Suites Lake Buena Vista near Walt Disney World
2,staff,146,Quality Suites Lake Buena Vista near Walt Disney World
0,room,1455,Wyndham Garden Lake Buena Vista Disney Springs® Resort Area
1,disney,802,Wyndham Garden Lake Buena Vista Disney Springs® Resort Area
2,location,621,Wyndham Garden Lake Buena Vista Disney Springs® Resort Area
0,room,654,Red Lion Hotel Orlando Kissimmee Maingate
1,clean,276,Red Lion Hotel Orlando Kissimmee Maingate
2,hotel,259,Red Lion Hotel Orlando Kissimmee Maingate
0,breakfast,259,Fairfield Inn & Suites by Marriott Orlando Lake Buena Vista
1,room,235,Fairfield Inn & Suites by Marriott Orlando Lake Buena Vista
2,staff,152,Fairfield Inn & Suites by Marriott Orlando Lake Buena Vista
0,room,536,Comfort Inn & Suites Convention Center
1,breakfast,484,Comfort Inn & Suites Convention Center
2,staff,286,Comfort Inn & Suites Convention Center
0,room,508,Sunsol International Drive
1,breakfast,412,Sunsol International Drive
2,location,257,Sunsol International Drive
0,room,219,Westgate Palace Resort
1,staff,95,Westgate Palace Resort
2,location,83,Westgate Palace Resort
0,house,73,DWS Vacation Villas
1,pool,73,DWS Vacation Villas
2,bed,57,DWS Vacation Villas
0,pool,43,"Disney-World Orlando Area, U.S.A - Paradise Palms Resort"
1,house,28,"Disney-World Orlando Area, U.S.A - Paradise Palms Resort"
2,property,24,"Disney-World Orlando Area, U.S.A - Paradise Palms Resort"
0,bedroom,4,Regal Oaks 2716
1,door,2,Regal Oaks 2716
2,couldn’t,2,Regal Oaks 2716
0,room,39,Ramada by Wyndham Orlando Florida Mall
1,breakfast,33,Ramada by Wyndham Orlando Florida Mall
2,clean,30,Ramada by Wyndham Orlando Florida Mall
0,villa,3,"8 Bedrooms with Private Pool, Spa and Grill (1803)"
1,dirty,3,"8 Bedrooms with Private Pool, Spa and Grill (1803)"
2,service,3,"8 Bedrooms with Private Pool, Spa and Grill (1803)"
0,room,670,Days Inn by Wyndham Orlando Conv. Center/International Dr
1,location,398,Days Inn by Wyndham Orlando Conv. Center/International Dr
2,staff,250,Days Inn by Wyndham Orlando Conv. Center/International Dr
0,room,912,Clarion Inn & Suites at International Drive
1,breakfast,367,Clarion Inn & Suites at International Drive
2,location,350,Clarion Inn & Suites at International Drive
0,room,297,Parc Corniche Condominium Suites
1,breakfast,234,Parc Corniche Condominium Suites
2,bed,150,Parc Corniche Condominium Suites
0,room,326,Holiday Inn & Suites Orlando Universal
1,hotel,142,Holiday Inn & Suites Orlando Universal
2,location,141,Holiday Inn & Suites Orlando Universal
0,room,272,Floridian Express International Drive
1,breakfast,141,Floridian Express International Drive
2,location,132,Floridian Express International Drive
0,room,504,Midpointe Hotel by Rosen Hotels & Resorts
1,location,298,Midpointe Hotel by Rosen Hotels & Resorts
2,clean,198,Midpointe Hotel by Rosen Hotels & Resorts
0,room,219,Courtyard Orlando Lake Buena Vista at Vista Centre
1,breakfast,143,Courtyard Orlando Lake Buena Vista at Vista Centre
2,location,135,Courtyard Orlando Lake Buena Vista at Vista Centre
0,room,452,Comfort Inn Maingate
1,breakfast,349,Comfort Inn Maingate
2,hotel,202,Comfort Inn Maingate
0,room,1034,Rodeway Inn Maingate
1,breakfast,787,Rodeway Inn Maingate
2,location,472,Rodeway Inn Maingate
0,room,61,Westgate Blue Tree Resort
1,nice,36,Westgate Blue Tree Resort
2,staff,35,Westgate Blue Tree Resort
0,room,604,Baymont by Wyndham Orlando Universal Blvd
1,breakfast,356,Baymont by Wyndham Orlando Universal Blvd
2,location,233,Baymont by Wyndham Orlando Universal Blvd
0,room,584,Econo Lodge International Drive
1,breakfast,562,Econo Lodge International Drive
2,location,378,Econo Lodge International Drive
0,room,786,Quality Suites Orlando Close to I-Drive
1,breakfast,556,Quality Suites Orlando Close to I-Drive
2,pool,359,Quality Suites Orlando Close to I-Drive
0,property,4,Windsor Hills
1,clean,4,Windsor Hills
2,facility,4,Windsor Hills
0,room,600,La Quinta Inn Orlando Airport West
1,airport,351,La Quinta Inn Orlando Airport West
2,staff,312,La Quinta Inn Orlando Airport West
0,room,333,Crowne Plaza Hotel Orlando-Universal
1,hotel,205,Crowne Plaza Hotel Orlando-Universal
2,staff,195,Crowne Plaza Hotel Orlando-Universal
0,room,709,Hilton Orlando Buena Vista Palace - Disney Springs Area
1,hotel,355,Hilton Orlando Buena Vista Palace - Disney Springs Area
2,pool,297,Hilton Orlando Buena Vista Palace - Disney Springs Area
0,room,494,Avanti Palms Resort And Conference Center
1,pool,190,Avanti Palms Resort And Conference Center
2,bathroom,130,Avanti Palms Resort And Conference Center
0,room,321,Melia Orlando Hotel
1,hotel,132,Melia Orlando Hotel
2,staff,127,Melia Orlando Hotel
0,room,1117,Wyndham Orlando Resort International Drive
1,location,423,Wyndham Orlando Resort International Drive
2,bed,319,Wyndham Orlando Resort International Drive
0,house,3,Eight Bedrooms with Private Pool and Spa (1756)
1,ac,2,Eight Bedrooms with Private Pool and Spa (1756)
2,washing,2,Eight Bedrooms with Private Pool and Spa (1756)
0,room,1304,Ramada Plaza Resort & Suites by Wyndham Orlando Intl Drive
1,breakfast,800,Ramada Plaza Resort & Suites by Wyndham Orlando Intl Drive
2,hotel,519,Ramada Plaza Resort & Suites by Wyndham Orlando Intl Drive
0,room,367,Ramada by Wyndham Suites Orlando Airport
1,airport,238,Ramada by Wyndham Suites Orlando Airport
2,breakfast,238,Ramada by Wyndham Suites Orlando Airport
0,room,225,Extended Stay America - Orlando - Convention Center - Universal Blvd
1,breakfast,147,Extended Stay America - Orlando - Convention Center - Universal Blvd
2,location,118,Extended Stay America - Orlando - Convention Center - Universal Blvd
0,house,88,Golf View Vacation Rentals
1,pool,86,Golf View Vacation Rentals
2,home,36,Golf View Vacation Rentals
0,room,894,Ramada by Wyndham Kissimmee Gateway
1,location,309,Ramada by Wyndham Kissimmee Gateway
2,staff,274,Ramada by Wyndham Kissimmee Gateway
0,room,340,La Quinta Inn & Suites Orlando Universal Area
1,breakfast,235,La Quinta Inn & Suites Orlando Universal Area
2,staff,157,La Quinta Inn & Suites Orlando Universal Area
0,great,3,Simba's Lake House
1,location,3,Simba's Lake House
2,street,3,Simba's Lake House
0,room,638,Days Inn by Wyndham Orlando Airport Florida Mall
1,breakfast,373,Days Inn by Wyndham Orlando Airport Florida Mall
2,staff,245,Days Inn by Wyndham Orlando Airport Florida Mall
0,home,3,Six Bedrooms with Private Pool and Spa (1746)
1,bathroom,3,Six Bedrooms with Private Pool and Spa (1746)
2,house,2,Six Bedrooms with Private Pool and Spa (1746)
0,space,2,"Five Bedrooms with private Pool, Spa and Grill (1761)"
1,nice,2,"Five Bedrooms with private Pool, Spa and Grill (1761)"
2,clean,2,"Five Bedrooms with private Pool, Spa and Grill (1761)"
0,room,177,Red Roof Inn Orlando South - Florida Mall
1,staff,81,Red Roof Inn Orlando South - Florida Mall
2,parking,68,Red Roof Inn Orlando South - Florida Mall
0,room,488,Best Western Airport Inn & Suites
1,breakfast,364,Best Western Airport Inn & Suites
2,airport,323,Best Western Airport Inn & Suites
0,room,240,Holiday Inn Orlando International Airport
1,hotel,137,Holiday Inn Orlando International Airport
2,staff,134,Holiday Inn Orlando International Airport
0,room,232,The Floridian Hotel and Suites
1,breakfast,171,The Floridian Hotel and Suites
2,hotel,130,The Floridian Hotel and Suites
0,room,1513,Days Inn by Wyndham Orlando/International Drive
1,location,505,Days Inn by Wyndham Orlando/International Drive
2,bed,457,Days Inn by Wyndham Orlando/International Drive
0,house,18,ACO - Windsor Hills with Private pool (1617)
1,pool,7,ACO - Windsor Hills with Private pool (1617)
2,need,6,ACO - Windsor Hills with Private pool (1617)
0,room,534,Altamonte Hotel & Suites
1,hotel,263,Altamonte Hotel & Suites
2,pool,185,Altamonte Hotel & Suites
0,room,344,Quality Suites Orlando I-Drive Convention Center
1,breakfast,216,Quality Suites Orlando I-Drive Convention Center
2,location,126,Quality Suites Orlando I-Drive Convention Center
0,everything,2,Paradise Palms 4 Bedroom-3082
1,home,2,Paradise Palms 4 Bedroom-3082
2,like,2,Paradise Palms 4 Bedroom-3082
0,needed,2,Paradise Palms 4 Bedroom-3281
1,felt,1,Paradise Palms 4 Bedroom-3281
2,like,1,Paradise Palms 4 Bedroom-3281
0,room,395,Quality Inn & Suites
1,breakfast,369,Quality Inn & Suites
2,staff,227,Quality Inn & Suites
0,room,369,Sheraton Orlando Lake Buena Vista Resort
1,pool,231,Sheraton Orlando Lake Buena Vista Resort
2,hotel,164,Sheraton Orlando Lake Buena Vista Resort
0,pool,15,Windsor Hills Six Bedroom Holiday Home 26Dv29
1,would,7,Windsor Hills Six Bedroom Holiday Home 26Dv29
2,home,6,Windsor Hills Six Bedroom Holiday Home 26Dv29
0,pool,5,Paradise Palms 5 Bedroom-3613
1,got,3,Paradise Palms 5 Bedroom-3613
2,one,3,Paradise Palms 5 Bedroom-3613
0,room,168,Four Points by Sheraton Orlando International Drive
1,staff,87,Four Points by Sheraton Orlando International Drive
2,hotel,81,Four Points by Sheraton Orlando International Drive
0,check,6,Eight Bedrooms with Pool and Game Room (1764)
1,house,4,Eight Bedrooms with Pool and Game Room (1764)
2,problem,3,Eight Bedrooms with Pool and Game Room (1764)
0,room,369,Park Inn by Radisson Resort & Conference Center- Orlando- Near Disney
1,hotel,148,Park Inn by Radisson Resort & Conference Center- Orlando- Near Disney
2,staff,130,Park Inn by Radisson Resort & Conference Center- Orlando- Near Disney
0,room,321,Marriott's Grande Vista
1,staff,146,Marriott's Grande Vista
2,pool,142,Marriott's Grande Vista
0,breakfast,193,Best Western Plus Universal Inn
1,room,169,Best Western Plus Universal Inn
2,universal,138,Best Western Plus Universal Inn
0,room,1154,Coco Key Hotel & Water Park Resort
1,water,755,Coco Key Hotel & Water Park Resort
2,park,680,Coco Key Hotel & Water Park Resort
0,home,22,"Disney-World Area Orlando, U.S.A Favorite Holiday Rentals"
1,pool,19,"Disney-World Area Orlando, U.S.A Favorite Holiday Rentals"
2,house,19,"Disney-World Area Orlando, U.S.A Favorite Holiday Rentals"
0,breakfast,388,Drury Inn & Suites Orlando
1,staff,281,Drury Inn & Suites Orlando
2,room,274,Drury Inn & Suites Orlando
0,room,144,Westgate Leisure Resort
1,nice,57,Westgate Leisure Resort
2,staff,49,Westgate Leisure Resort
0,property,3,Windsors Hills 7749
1,house,3,Windsors Hills 7749
2,family,2,Windsors Hills 7749
0,room,255,Hampton Inn & Suites Orlando near SeaWorld
1,breakfast,213,Hampton Inn & Suites Orlando near SeaWorld
2,clean,143,Hampton Inn & Suites Orlando near SeaWorld
0,room,198,Westgate Vacation Villas Resort
1,great,63,Westgate Vacation Villas Resort
2,everything,59,Westgate Vacation Villas Resort
0,room,7,Marriott's Sabal Palms
1,facility,5,Marriott's Sabal Palms
2,staff,4,Marriott's Sabal Palms
0,room,366,Rosen Inn Closest to Universal
1,staff,214,Rosen Inn Closest to Universal
2,location,206,Rosen Inn Closest to Universal
0,pool,7,Windsor Wonderland Home
1,super,4,Windsor Wonderland Home
2,home,4,Windsor Wonderland Home
0,room,7,Seaescape
1,property,5,Seaescape
2,clean,5,Seaescape
0,room,12,Residence Inn by Marriott Near Universal Orlando
1,hotel,10,Residence Inn by Marriott Near Universal Orlando
2,clean,8,Residence Inn by Marriott Near Universal Orlando
0,room,9,White Crane Home by Florida Dream Homes
1,pool,8,White Crane Home by Florida Dream Homes
2,great,6,White Crane Home by Florida Dream Homes
0,location,3,Six Bedrooms with Private Pool and Spa (1751)
1,home,3,Six Bedrooms with Private Pool and Spa (1751)
2,house,3,Six Bedrooms with Private Pool and Spa (1751)
0,staff,41,Orlando International Resort Club
1,clean,33,Orlando International Resort Club
2,great,31,Orlando International Resort Club
0,7,6,Windsor Magic
1,close,4,Windsor Magic
2,disney,4,Windsor Magic
0,location,2,Contessa Dr
1,everything,2,Contessa Dr
2,place,2,Contessa Dr
0,location,2,Regal Oaks Three Bedroom Villa
1,nice,2,Regal Oaks Three Bedroom Villa
2,bed,2,Regal Oaks Three Bedroom Villa
0,breakfast,88,Hampton Inn & Suites Orlando Airport at Gateway Village
1,room,88,Hampton Inn & Suites Orlando Airport at Gateway Village
2,staff,66,Hampton Inn & Suites Orlando Airport at Gateway Village
0,hair,7,101 Dalmatian's Den
1,pet,5,101 Dalmatian's Den
2,house,4,101 Dalmatian's Den
0,location,5,SeaWorld - Disney Apartments by NUOVO
1,nice,5,SeaWorld - Disney Apartments by NUOVO
2,unit,5,SeaWorld - Disney Apartments by NUOVO
0,room,115,DoubleTree by Hilton Orlando East - UCF Area
1,staff,72,DoubleTree by Hilton Orlando East - UCF Area
2,location,50,DoubleTree by Hilton Orlando East - UCF Area
0,nice,3,The Windsor Wonderland 6 BR Villa
1,didn’t,3,The Windsor Wonderland 6 BR Villa
2,home,3,The Windsor Wonderland 6 BR Villa
0,great,4,Windsor Hills Townhomes by IPG
1,location,4,Windsor Hills Townhomes by IPG
2,park,3,Windsor Hills Townhomes by IPG
0,bed,8,FunQuest Condos at Windsor Hills Kissimmee
1,u,6,FunQuest Condos at Windsor Hills Kissimmee
2,n,6,FunQuest Condos at Windsor Hills Kissimmee
0,home,7,Luxury Villas in Encore Waterpark
1,house,7,Luxury Villas in Encore Waterpark
2,pool,6,Luxury Villas in Encore Waterpark
0,room,93,Rosen Centre Hotel Orlando Convention Center
1,staff,64,Rosen Centre Hotel Orlando Convention Center
2,hotel,62,Rosen Centre Hotel Orlando Convention Center
0,room,115,Festiva Orlando Resort
1,staff,67,Festiva Orlando Resort
2,great,65,Festiva Orlando Resort
0,room,140,Hampton Inn & Suites Orlando International Drive North
1,breakfast,125,Hampton Inn & Suites Orlando International Drive North
2,hotel,64,Hampton Inn & Suites Orlando International Drive North
0,breakfast,161,Hampton Inn Lake Buena Vista / Orlando
1,staff,108,Hampton Inn Lake Buena Vista / Orlando
2,room,102,Hampton Inn Lake Buena Vista / Orlando
0,bed,2,2/3 Bed Condos Close to Disney
1,location,1,2/3 Bed Condos Close to Disney
2,perfect,1,2/3 Bed Condos Close to Disney
0,bed,3,Tropical Palms Premium Loft Cottage 29
1,bedroom,3,Tropical Palms Premium Loft Cottage 29
2,nice,3,Tropical Palms Premium Loft Cottage 29
0,room,84,La Quinta Inn & Suites Orlando UCF
1,clean,41,La Quinta Inn & Suites Orlando UCF
2,breakfast,39,La Quinta Inn & Suites Orlando UCF
0,cottage,3,Tropical Palms Premium Three-Bedroom Cottage 40
1,plus,2,Tropical Palms Premium Three-Bedroom Cottage 40
2,place,2,Tropical Palms Premium Three-Bedroom Cottage 40
0,comfortable,3,Mickeys Magical Escape
1,everything,3,Mickeys Magical Escape
2,laundry,3,Mickeys Magical Escape
0,good,2,Three Bedroom Condo First Floor Gated Community
1,gated,1,Three Bedroom Condo First Floor Gated Community
2,community,1,Three Bedroom Condo First Floor Gated Community
0,room,28,Homewood Suites by Hilton Orlando North Maitland
1,breakfast,26,Homewood Suites by Hilton Orlando North Maitland
2,staff,23,Homewood Suites by Hilton Orlando North Maitland
0,everything,15,SuiteLivingPlus
1,like,13,SuiteLivingPlus
2,location,11,SuiteLivingPlus
0,room,264,La Quinta Inn & Suites Orlando Airport North
1,airport,169,La Quinta Inn & Suites Orlando Airport North
2,breakfast,158,La Quinta Inn & Suites Orlando Airport North
0,room,92,SpringHill Suites by Marriott Orlando Convention Center
1,breakfast,88,SpringHill Suites by Marriott Orlando Convention Center
2,staff,70,SpringHill Suites by Marriott Orlando Convention Center
0,room,60,Homewood Suites by Hilton Orlando Airport
1,breakfast,50,Homewood Suites by Hilton Orlando Airport
2,staff,38,Homewood Suites by Hilton Orlando Airport
0,room,46,Delta Hotels by Marriott Orlando Lake Buena Vista
1,hotel,35,Delta Hotels by Marriott Orlando Lake Buena Vista
2,bed,31,Delta Hotels by Marriott Orlando Lake Buena Vista
0,would,4,Disney&Golf Holiday Home
1,home,3,Disney&Golf Holiday Home
2,day,3,Disney&Golf Holiday Home
0,pool,2,Paradise Palms 4 Bedroom-3032
1,need,2,Paradise Palms 4 Bedroom-3032
2,short,1,Paradise Palms 4 Bedroom-3032
0,ceiling,2,Regal Oaks Stay Orlando
1,fan,2,Regal Oaks Stay Orlando
2,would,2,Regal Oaks Stay Orlando
0,room,106,Embassy Suites Orlando - North
1,breakfast,66,Embassy Suites Orlando - North
2,staff,48,Embassy Suites Orlando - North
0,room,78,Las Palmeras by Hilton Grand Vacations
1,great,50,Las Palmeras by Hilton Grand Vacations
2,staff,39,Las Palmeras by Hilton Grand Vacations
0,room,30,Fairfield Inn & Suites by Marriott Orlando East/UCF Area
1,breakfast,24,Fairfield Inn & Suites by Marriott Orlando East/UCF Area
2,nice,18,Fairfield Inn & Suites by Marriott Orlando East/UCF Area
0,broken,3,Paradise Palms 6 Bedroom-3150
1,house,2,Paradise Palms 6 Bedroom-3150
2,clean,2,Paradise Palms 6 Bedroom-3150
0,room,36,Courtyard Orlando International Drive/Convention Center
1,staff,25,Courtyard Orlando International Drive/Convention Center
2,clean,23,Courtyard Orlando International Drive/Convention Center
0,room,19,The Courtyard at Lake Lucerne
1,breakfast,16,The Courtyard at Lake Lucerne
2,property,9,The Courtyard at Lake Lucerne
0,room,422,Rosen Inn at Pointe Orlando
1,location,278,Rosen Inn at Pointe Orlando
2,staff,176,Rosen Inn at Pointe Orlando
0,nice,11,Magic Tree Resort
1,room,11,Magic Tree Resort
2,staff,10,Magic Tree Resort
0,pool,8,Pool Paradise
1,tub,6,Pool Paradise
2,hot,5,Pool Paradise
0,breakfast,87,Hampton Inn & Suites Orlando-John Young Parkway/South Park
1,room,81,Hampton Inn & Suites Orlando-John Young Parkway/South Park
2,staff,71,Hampton Inn & Suites Orlando-John Young Parkway/South Park
0,breakfast,86,Hampton Inn Closest to Universal Orlando
1,staff,76,Hampton Inn Closest to Universal Orlando
2,room,54,Hampton Inn Closest to Universal Orlando
0,nice,4,Tropical Palms Standard Two-Bedroom Cottage 16
1,staff,3,Tropical Palms Standard Two-Bedroom Cottage 16
2,adult,3,Tropical Palms Standard Two-Bedroom Cottage 16
0,kitchen,2,Apartment Nena
1,nobody,2,Apartment Nena
2,phone,2,Apartment Nena
0,room,72,Hilton Garden Inn Orlando Lake Buena Vista
1,staff,52,Hilton Garden Inn Orlando Lake Buena Vista
2,breakfast,51,Hilton Garden Inn Orlando Lake Buena Vista
0,working,2,Vacation Home Rental Near Disney 27Il01
1,upon,2,Vacation Home Rental Near Disney 27Il01
2,arrival,2,Vacation Home Rental Near Disney 27Il01
0,room,14,WorldMark Orlando Kingstown Reef
1,pool,7,WorldMark Orlando Kingstown Reef
2,bed,5,WorldMark Orlando Kingstown Reef
0,comfortable,4,King Triton's Castle
1,game,4,King Triton's Castle
2,room,4,King Triton's Castle
0,pool,7,Closest Vacation Home Holiday Rental 26Ds37
1,dryer,5,Closest Vacation Home Holiday Rental 26Ds37
2,would,4,Closest Vacation Home Holiday Rental 26Ds37
0,room,71,Rosen Shingle Creek Universal Blvd
1,hotel,53,Rosen Shingle Creek Universal Blvd
2,great,52,Rosen Shingle Creek Universal Blvd
0,pool,4,Mickey's Beach House
1,house,3,Mickey's Beach House
2,one,3,Mickey's Beach House
0,room,49,The Alfond Inn
1,staff,37,The Alfond Inn
2,great,32,The Alfond Inn
0,room,10,Residence Inn Orlando Convention Center
1,breakfast,9,Residence Inn Orlando Convention Center
2,hotel,8,Residence Inn Orlando Convention Center
0,room,107,Hawthorn Suites By Wyndham Orlando International Drive
1,location,39,Hawthorn Suites By Wyndham Orlando International Drive
2,bed,36,Hawthorn Suites By Wyndham Orlando International Drive
0,pool,10,Windsor Hills Resort Kissimmee - Disney Area
1,clean,9,Windsor Hills Resort Kissimmee - Disney Area
2,location,8,Windsor Hills Resort Kissimmee - Disney Area
0,would,6,Blue Heron Resort Condo 206
1,bed,6,Blue Heron Resort Condo 206
2,nice,5,Blue Heron Resort Condo 206
0,time,2,Tropical Palms Premium Loft Cottage 33
1,wait,2,Tropical Palms Premium Loft Cottage 33
2,room,2,Tropical Palms Premium Loft Cottage 33
0,pool,5,Audez Tropical Haven
1,home,3,Audez Tropical Haven
2,dog,3,Audez Tropical Haven
